country_name,year,sp_pop_1564_to_zs,sp_pop_0014_to_zs,sl_uem_totl_zs,sl_uem_totl_ma_zs,sl_uem_totl_fe_zs,sl_tlf_totl_in,sl_tlf_totl_fe_zs,sh_dyn_2024,sh_dyn_1519,sh_dyn_1014,sh_dyn_0509,sh_dth_2024,sh_dth_1519,sh_dth_1014,sh_dth_0509,se_xpd_totl_gd_zs,se_xpd_totl_gb_zs,se_ter_enrr,se_sec_durs,se_sec_ages,se_prm_tchr_fe_zs,se_prm_tchr,se_prm_priv_zs,se_prm_enrr_ma,se_prm_enrr_fe,se_prm_enrr,se_prm_enrl,se_prm_durs,se_prm_ages,se_pre_enrr,se_pre_durs,se_com_durs,outcome_next_year
Brunei Darussalam,2000,63.97066,33.16508,5.678,4.692,7.117,151128,38.48658,4.1,3.1,1.4,1.5,27,18,9,10,3.70591,8.92074,12.68709,7,12,67.3586,3324,35.0995,113.04204,107.17024,110.18191,45428,6,6,46.90979,3,9,107.31913
Brunei Darussalam,2001,64.73748,32.33763,5.785,4.81,7.177,156664,39.06258,3.9,2.9,1.4,1.4,26,18,9,10,3.337645,9.454305,14.24075,7,12,69.46658,3262,33.76717,109.75552,104.76167,107.31913,44487,6,6,47.72426,3,9,107.71335
Brunei Darussalam,2002,65.51345,31.49889,5.941,4.983,7.308,161368,39.22649,3.7,2.7,1.4,1.4,25,17,9,10,3.337645,9.454305,13.91759,7,12,70.53167,3536,34.80905,109.60052,105.72976,107.71335,44882,6,6,53.2315,3,9,110.65327
Brunei Darussalam,2003,66.27698,30.66888,6.012,5.08,7.343,166039,39.38111,3.6,2.6,1.3,1.4,24,16,9,10,3.337645,9.454305,14.00622,7,12,72.5298,3775,35.87864,111.99627,109.23833,110.65327,46242,6,6,54.19314,3,9,111.04673
Brunei Darussalam,2004,67.01012,29.86236,6.021,5.122,7.311,170625,39.53231,3.5,2.4,1.3,1.4,24,16,9,9,3.337645,9.454305,14.68594,7,12,73.75088,4263,35.94282,112.89389,109.10208,111.04673,46382,6,6,57.69735,3,9,110.6297
Brunei Darussalam,2005,67.69625,29.09515,6.125,5.249,7.384,175084,39.68438,3.3,2.3,1.3,1.3,24,15,9,9,3.337645,9.454305,14.56069,7,12,71.17414,4548,35.71894,112.74975,108.41043,110.6297,46012,6,6,58.82584,3,9,110.30373
Brunei Darussalam,2006,68.33424,28.37801,6.41,5.544,7.654,179379,39.84524,3.3,2.2,1.2,1.3,23,15,9,9,3.337645,9.454305,14.50456,7,12,73.36411,3683,36.38198,112.88752,107.60268,110.30373,46086,6,6,57.77284,3,9,109.68696
Brunei Darussalam,2007,68.93743,27.7073,6.333,5.503,7.527,183516,40.00959,3.2,2.1,1.2,1.3,23,14,8,9,3.337645,9.454305,15.01222,7,12,73.84234,3628,36.50265,112.04006,107.21554,109.68696,45972,6,6,58.50693,3,9,107.62241
Brunei Darussalam,2008,69.51683,27.08039,6.349,5.548,7.504,187518,40.18014,3.1,2,1.2,1.3,23,14,8,9,3.337645,9.454305,15.73895,7,12,74.52017,3595,37.29197,109.09302,106.06656,107.62241,45125,6,6,59.71991,3,9,106.92304
Brunei Darussalam,2009,70.07489,26.49708,6.465,5.686,7.588,191393,40.35832,3.1,2,1.2,1.3,23,14,8,9,3.337645,9.454305,16.76596,7,12,75.84916,3739,36.70688,107.63518,106.16509,106.92304,44681,6,6,66.27777,3,9,106.5422
Brunei Darussalam,2010,70.60352,25.9554,6.774,6.008,7.879,195182,40.53857,3,1.9,1.1,1.2,23,13,8,8,2.04661,5.30208,15.45914,7,12,75.92402,3896,36.41072,106.7675,106.302,106.5422,44215,6,6,67.16671,3,9,106.1332
Brunei Darussalam,2011,70.99981,25.50672,6.941,6.197,8.015,198598,40.70383,3,1.8,1.1,1.2,23,13,8,8,3.3221,9.18219,17.40432,7,12,75.83528,3861,36.61206,105.7987,106.488,106.1332,43487,6,6,68.27597,3,9,105.9344
Brunei Darussalam,2012,71.24392,25.15604,6.916,6.197,7.943,200259,41.06582,2.9,1.7,1.1,1.2,22,12,8,8,2.88959,9.72642,22.42971,7,12,75.73056,4038,37.2699,106.3934,105.4491,105.9344,42753,6,6,69.62302,3,9,106.111
Brunei Darussalam,2013,71.41747,24.84695,6.88,6.186,7.861,201720,41.44061,2.8,1.7,1.1,1.2,20,12,7,8,3.337645,9.454305,24.3401,7,12,76.74867,4146,38.21573,106.2841,105.9284,106.111,42090,6,6,69.94632,3,9,105.4932
Brunei Darussalam,2014,71.56311,24.53691,6.97,6.295,7.912,203072,41.83935,2.7,1.6,1.1,1.2,19,11,7,7,3.35319,9.9846,29.28966,7,12,76.6983,4004,39.23268,105.4545,105.5341,105.4932,41078,6,6,70.73132,3,9,105.5275
Brunei Darussalam,2015,71.70689,24.20246,7.785,7.167,8.638,204352,42.26041,2.6,1.5,1,1.2,18,10,7,7,3.337645,9.454305,37.56301,7,12,77.31217,4033,39.40887,105.6995,105.3455,105.5275,40397,6,6,69.33382,3,9,107.1228
Brunei Darussalam,2016,71.82167,23.86818,8.383,7.823,9.141,205465,42.70168,2.5,1.4,1,1.1,17,10,7,7,4.42541,11.44195,34.873,7,12,77.55102,3969,40.36718,107.1751,107.0672,107.1228,40471,6,6,68.41602,3,9,104.8577
Brunei Darussalam,2017,71.89761,23.5444,9.32,8.821,9.983,206363,43.1715,2.4,1.3,1,1.1,17,9,6,7,3.337645,9.454305,35.07339,7,12,77.48072,3890,40.55289,104.8533,104.8624,104.8577,39610,6,6,67.02702,3,9,102.9739
Brunei Darussalam,2018,71.93538,23.2307,8.7,7.714,10.062,218003,42.23657,2.3,1.2,1,1.1,16,8,6,7,3.337645,9.454305,31.20319,7,12,77.78892,3989,41.18869,102.5557,103.4205,102.9739,39404,6,6,64.65916,3,9,100.0995
Indonesia,2000,64.37664,30.61208,6.08,5.685,6.716,100651000,38.23681,5.7,6.2,3.7,6,24050,27828,16346,26009,3.022125,16.607535,14.8768,6,13,51.99521,1288965,15.71975,110.2836,107.1865,108.7595,28508960,6,7,24.10599,6,9,109.7509
Indonesia,2001,64.64036,30.23709,6.08,5.305,7.377,101677800,37.32047,5.7,6.2,3.6,5.7,24341,27698,15942,25125,2.46003,11.59389,14.18361,6,13,52.23754,1289720,15.86492,111.006,108.4552,109.7509,28690130,6,7,24.44971,6,9,109.921
Indonesia,2002,64.8741,29.89049,6.6,5.884,7.842,101821400,36.48432,5.7,6.3,3.5,5.5,24476,27545,15612,24279,2.64569,14.36905,14.80345,6,13,52.03871,1383914,15.97075,111.103,108.6989,109.921,28926380,6,7,24.40449,6,9,109.5265
Indonesia,2003,65.10326,29.54913,6.66,5.71,8.309,103208200,36.48589,5.7,6.2,3.4,5.3,24443,27417,15307,23493,3.218,16.27818,16.01321,6,13,54.08093,1431486,16.14265,110.4871,108.5317,109.5265,29050830,6,7,25.72792,6,9,108.9343
Indonesia,2004,65.32375,29.22274,7.3,6.24,9.18,105015000,36.005,8.1,8.7,6.1,9,34325,38237,27268,40832,2.74847,14.1703,16.59508,6,13,52.29685,1447984,16.32233,109.6996,108.1404,108.9343,29142090,6,7,27.01999,6,9,107.9554
Indonesia,2005,65.51109,28.93712,7.94,6.766,10.04,104711500,35.80069,5.7,6.2,3.3,4.8,23995,27415,14761,22071,2.87282,15.1488,17.2263,6,13,61.02205,1427974,16.64718,109.6047,106.2415,107.9554,29149750,6,7,31.53896,6,9,106.2684
Indonesia,2006,65.67414,28.68257,7.55,6.582,9.279,106146800,35.83847,5.7,6.1,3.2,4.7,24197,26949,14290,21266,3.022125,16.607535,17.28018,6,13,59.00026,1525400,15.89865,107.8715,104.6002,106.2684,28982710,6,7,34.66635,6,9,109.3058
Indonesia,2007,65.81355,28.46023,8.06,6.946,9.904,111277700,37.6316,5.6,6.1,3.1,4.5,24184,26441,13905,20559,3.04425,14.94431,17.79493,6,13,57.58028,1583589,18.19616,111.2899,107.2392,109.3058,29796700,6,7,40.8844,6,9,107.8225
Indonesia,2008,65.93013,28.26978,7.21,6.663,8.104,113275300,37.94939,5.6,6,3,4.3,23884,25951,13571,19909,2.9019,13.67475,20.66821,6,13,60.05563,1425828,16.10968,108.8218,106.7792,107.8225,29498270,6,7,43.4664,6,9,108.5492
Indonesia,2009,66.05746,28.07563,6.11,5.744,6.705,114480700,38.06219,5.6,6,2.9,4.1,23339,25681,13340,19334,3.52513,19.30844,22.98912,6,13,61.55173,1511977,16.37894,109.7417,107.2997,108.5492,29901050,6,7,45.49849,6,9,109.1503
Indonesia,2010,66.19969,27.87196,5.61,5.128,6.388,117183500,38.25579,5.6,6,2.9,4,22756,25541,13169,18827,2.81228,16.65418,24.07626,6,13,62.46611,1595955,16.8167,107.4381,110.9522,109.1503,30341820,6,7,41.44277,6,9,109.1798
Indonesia,2011,66.34092,27.67365,5.15,4.895,5.564,119580300,38.0675,5.5,5.9,2.8,3.9,22547,25695,12964,18177,3.18944,18.00613,26.3032,6,13,62.9981,1615479,17.1334,107.2849,111.1823,109.1798,30662440,6,7,43.08801,6,9,109.2734
Indonesia,2012,66.48458,27.47984,4.47,4.275,4.786,122341600,38.14705,5.5,5.8,2.7,3.7,22479,25707,12725,17494,3.40748,18.09042,30.429,6,13,63.58642,1655764,17.33075,109.4276,109.1102,109.2734,30784380,6,7,50.00979,6,9,106.8416
Indonesia,2013,66.64055,27.27817,4.34,4.382,4.272,122963200,37.94159,5.4,5.7,2.7,3.6,22526,25537,12466,16802,3.35904,17.60393,31.06371,6,13,62.41847,1870834,17.94471,107.0182,106.6544,106.8416,30109360,6,7,54.34662,6,9,106.0734
Indonesia,2014,66.79188,27.07802,4.05,4.153,3.882,124478000,37.96125,5.4,5.6,2.6,3.5,22531,25207,12193,16179,3.28801,17.67152,30.89576,6,13,62.08749,1801909,18.40642,107.3552,104.714,106.0734,29838440,6,7,57.87529,6,9,105.9602
Indonesia,2015,66.93871,26.87576,4.51,4.563,4.423,126141800,38.08068,5.3,5.4,2.5,3.4,22610,24728,11896,15595,3.5836,20.5033,33.25072,6,13,61.55173,1695349,20.20726,107.4238,104.4084,105.9602,29699770,6,7,47.34841,6,9,105.6099
Indonesia,2016,67.08365,26.66149,4.3,4.569,3.869,127339800,38.36189,5.3,5.2,2.5,3.3,22697,24253,11550,15115,3.5,21.2198,35.43736,6,13,62.06588,2106887,16.73194,107.2159,103.9081,105.6099,29450360,6,7,61.87644,6,9,105.9114
Indonesia,2017,67.21749,26.43744,3.88,4.059,3.599,129896400,38.88865,5.2,5.1,2.4,3.2,22779,23743,11215,14750,2.66998,16.12074,36.44444,6,13,66.0027,1827213,21.86707,107.5471,104.1795,105.9114,29351820,6,7,63.19307,6,9,106.4108
Indonesia,2018,67.33735,26.20426,4.4,4.541,4.181,133327300,39.20585,5.2,5,2.3,3.1,22988,23227,10855,14511,3,16.56089,36.31104,6,13,68.43486,1727377,22.85452,108.1329,104.5897,106.4108,29425750,6,7,62.34366,6,9,90.98206
Cambodia,2000,56.75379,40.18342,0.968,0.634,1.282,5697049,50.54408,11.8,9.1,5.5,12.5,1840,2969,1930,4396,1.66681,11.07901,2.48136,6,12,38.52671,44852,1.61785,113.6949,99.77386,106.8595,2248109,6,6,6.36587,5,,115.8594
Cambodia,2001,57.66979,39.22319,1.033,0.748,1.297,6264464,50.79167,10.9,8.2,5.2,11.6,1926,2829,1801,4065,1.72222,11.38079,2.37991,6,12,39.19066,45914,0.94741,122.1503,109.3222,115.8594,2431142,6,6,7.90967,5,,129.4499
Cambodia,2002,58.57762,38.26873,1.097,0.87,1.313,6401145,50.04858,10,7.5,4.9,10.7,2137,2600,1697,3715,1.71121,10.13757,2.48943,6,12,39.35556,48476,0.85187,135.948,122.7078,129.4499,2728698,6,6,9.16933,5,,131.4835
Cambodia,2003,59.47138,37.32584,1.114,0.95,1.274,6532452,49.25293,9.3,6.9,4.6,9.9,2385,2329,1621,3345,1.71121,12.40431,2.91816,6,12,40.40736,49293,0.89109,137.4799,125.2682,131.4835,2772113,6,6,8.97411,5,,131.937
Cambodia,2004,60.31413,36.42863,1.13,1.027,1.235,6654502,48.39767,8.7,6.4,4.4,9.1,2566,2100,1551,2987,1.71982,12.40431,2.81714,6,12,40.87993,50186,0.57194,137.3132,126.3653,131.937,2762882,6,6,10.26247,6,,130.8987
Cambodia,2005,61.10627,35.57835,1.131,1.084,1.18,6886072,47.9718,8.2,6.1,4.1,8.3,2632,1947,1471,2658,1.71121,12.40431,3.38856,6,12,41.39456,50654,0.49132,135.6161,126.0035,130.8987,2695372,6,6,10.51077,6,,128.8332
Cambodia,2006,61.87793,34.7486,1.209,1.217,1.2,7120243,47.5678,7.8,5.8,3.8,7.6,2644,1824,1362,2374,1.71121,12.40431,5.67855,6,12,41.99211,51212,0.92102,133.1428,124.3481,128.8332,2582250,6,6,11.34934,6,,127.8486
Cambodia,2007,62.59988,33.96833,1.26,1.323,1.193,7356274,47.18738,7.5,5.6,3.6,7,2508,1767,1251,2134,1.5993,11.10351,7.31446,6,12,42.89027,48736,0.74644,132.1746,123.3367,127.8486,2479644,6,6,12.40494,6,,123.7568
Cambodia,2008,63.26292,33.24162,0.82,0.82,0.82,7598516,47.76219,7.2,5.5,3.4,6.4,2257,1763,1138,1932,1.71121,12.40431,9.12243,6,12,43.94169,48223,1.26031,127.6374,119.7156,123.7568,2340606,6,6,13.22718,6,,123.2812
Cambodia,2009,63.82815,32.60235,0.58,0.6,0.56,7825229,48.35082,6.9,5.3,3.2,5.8,1975,1764,1036,1760,1.66568,8.16524,11.76895,6,12,45.17553,46658,1.17589,127.3527,119.0597,123.2812,2289759,6,6,12.620735,6,,123.8349
Cambodia,2010,64.25694,32.09391,0.77,0.75,0.79,8266272,49.14475,6.6,5.2,3,5.3,1751,1734,954,1602,1.53379,7.33747,13.96499,6,12,46.21895,46905,1.40267,127.3753,120.185,123.8349,2272527,6,6,12.54384,6,,120.3252
Cambodia,2011,64.54072,31.72657,0.58,0.68,0.48,8501359,49.09114,6.3,5,2.8,4.9,1648,1679,878,1467,1.51069,7.3354,14.89007,6,12,47.00493,45408,1.48701,124.5021,116.0425,120.3252,2191192,6,6,11.16049,6,,118.8884
Cambodia,2012,64.63966,31.53778,0.51,0.52,0.499,8401194,48.39526,5.9,4.7,2.6,4.5,1628,1588,811,1367,1.618398,7.19985,9.12243,6,12,48.06606,45296,2.38081,123.1554,114.5344,118.8884,2142464,6,6,12.69763,6,,120.5867
Cambodia,2013,64.7141,31.36011,0.44,0.362,0.523,8259263,47.54502,5.5,4.5,2.5,4.1,1649,1477,754,1298,1.647064,14.00463,9.12243,6,12,49.17038,44840,2.27546,126.4201,114.6382,120.5867,2173384,6,6,12.92507,6,,113.7971
Cambodia,2014,64.83162,31.1122,0.69,0.69,0.69,8413106,47.49906,5.3,4.3,2.4,3.9,1665,1371,710,1246,1.674574,13.65727,9.12243,6,12,50.40651,44895,2.57784,117.0353,110.4826,113.7971,2073811,6,6,15.29631,6,,108.1191
Cambodia,2015,64.89682,30.89294,0.39,0.328,0.457,8481060,47.28838,5.1,4.1,2.3,3.6,1658,1287,677,1204,1.925036,15.31796,13.13563,6,12,52.44062,44292,3.38673,110.2008,105.9726,108.1191,2012175,6,6,15.70227,6,,105.2049
Cambodia,2016,64.94548,30.67565,0.72,0.593,0.855,8852701,47.62641,5,4,2.2,3.4,1643,1218,653,1165,2.064247,15.11543,9.12243,6,12,54.14179,44884,4.52205,106.6075,103.7458,105.2049,2010673,6,6,16.52148,6,,103.2399
Cambodia,2017,64.99638,30.43748,0.14,0.11,0.171,8965054,48.1317,4.9,3.8,2.1,3.3,1605,1155,640,1128,2.316152,15.94254,11.76305,6,12,55.71735,46149,4.24174,104.5633,101.8534,103.2399,2022061,6,6,17.94958,6,,101.4812
Cambodia,2018,65.03572,30.18692,0.143,0.113,0.174,9094603,48.10098,4.8,3.7,2,3.1,1543,1096,634,1086,2.578059,16.86347,12.17513,6,12,56.40965,46157,5.20641,102.7814,100.114,101.4812,2028694,6,6,19.36868,6,,100.426
Lao PDR,2000,53.83524,42.61755,2.063,2.063,2.063,2504990,49.49365,11.6,14.6,8.7,16.2,1126,1715,1233,2631,1.50369,7.29557,2.69359,6,11,43.40389,27592,2.03014,115.7396,97.96183,106.9684,831521,5,6,7.58875,6,5,104.6693
Lao PDR,2001,54.22611,42.16892,1.936,1.935,1.936,2559207,49.49045,11.4,14.3,8.5,15.3,1135,1725,1239,2494,1.99028,9.94657,3.1049,6,11,43.74842,27665,2.05624,112.9748,96.1578,104.6693,828113,5,6,7.00504,6,5,106.2496
Lao PDR,2002,54.67882,41.65999,1.797,1.795,1.798,2615270,49.49095,11.3,13.8,8.3,14.4,1143,1725,1241,2342,2.82522,15.26266,4.16538,6,11,44.18988,28545,2.02402,114.5431,97.76324,106.2496,852857,5,6,7.03705,6,5,108.4671
Lao PDR,2003,55.20431,41.08315,1.657,1.655,1.66,2673108,49.48869,11.2,13.4,8,13.5,1154,1726,1239,2173,2.413545,11.53104,4.94856,6,11,44.41217,28571,2.01531,116.6505,100.1057,108.4671,875300,5,6,7.69132,6,5,110.1283
Lao PDR,2004,55.80182,40.43847,1.512,1.508,1.515,2732580,49.47844,11,12.9,7.8,12.7,1168,1720,1229,2003,2.413,15.87435,5.75717,6,11,44.68917,28150,2.07239,117.9138,102.1822,110.1283,884629,5,6,8.35982,6,5,112.3696
Lao PDR,2005,56.53104,39.6881,1.35,1.345,1.355,2800096,49.42323,10.8,12.2,7.6,11.9,1186,1695,1209,1843,2.41409,14.12779,7.80413,6,11,45.43977,28299,2.35962,120.1979,104.3823,112.3696,890821,5,6,9.27452,6,5,114.4926
Lao PDR,2006,57.35975,38.85939,1.19,1.195,1.185,2876087,49.32445,10.5,11.6,7.4,11.1,1196,1644,1171,1698,2.95879,17.76236,8.97857,6,11,46.44584,28741,2.61537,122.1543,106.6717,114.4926,891881,5,6,10.22954,6,5,116.2463
Lao PDR,2007,58.16303,38.04619,1.095,1.112,1.078,2952581,49.22615,10.2,10.9,7.2,10.4,1207,1582,1125,1567,3.07842,18.10179,11.49605,6,11,47.19632,29604,2.78166,123.4764,108.8708,116.2463,891807,5,6,11.42482,6,5,118.9764
Lao PDR,2008,58.90487,37.283,0.968,0.996,0.94,3027246,49.13737,9.9,10.1,6.9,9.7,1217,1510,1079,1446,2.27855,13.00521,13.30738,6,11,48.87445,29541,3.00372,125.7456,112.0698,118.9764,900817,5,6,14.54035,6,5,121.3646
Lao PDR,2009,59.56957,36.58677,0.851,0.891,0.811,3099009,49.05755,9.7,9.5,6.7,9,1225,1432,1033,1337,1.65485,7.4631,16.39209,6,11,50.61265,31176,3.34357,127.4704,115.1279,121.3646,908880,5,6,17.90417,6,5,123.4321
Lao PDR,2010,60.16567,35.94886,0.71,0.76,0.66,3168083,48.99067,9.4,8.8,6.5,8.4,1225,1342,992,1236,1.70979,7.24696,16.64825,6,11,51.12957,31782,3.46039,128.8824,117.8528,123.4321,916341,5,6,20.05769,6,5,122.0938
Lao PDR,2011,60.71475,35.34892,0.727,0.777,0.677,3239349,48.94514,9.1,8.1,6.3,7.7,1214,1222,945,1143,1.70802,8.25958,17.80541,7,11,51.8406,33576,3.80448,126.6527,117.4121,122.0938,900123,5,6,21.54165,6,5,120.7501
Lao PDR,2012,61.22768,34.77733,0.737,0.785,0.688,3309570,48.90246,8.8,7.4,6.1,7.2,1200,1108,902,1064,1.82147,7.36868,17.66788,7,11,50.84085,32586,4.12914,124.8086,116.5793,120.7501,883938,5,6,24.85184,6,5,119.9385
Lao PDR,2013,61.72869,34.21082,0.746,0.793,0.698,3379826,48.86086,8.5,6.8,5.9,6.7,1175,1002,864,997,3.23381,13.34101,19.02277,7,11,50.59893,34311,4.4094,123.5695,116.1997,119.9385,878283,5,6,27.95121,6,5,118.0752
Lao PDR,2014,62.23356,33.63212,0.763,0.809,0.715,3451038,48.82114,8.2,6.2,5.8,6.2,1141,903,832,934,2.93781,11.75735,18.37313,7,11,50.9489,34619,4.53259,121.265,114.7831,118.0752,870893,5,6,31.84353,6,5,113.9656
Lao PDR,2015,62.71961,33.12932,0.778,0.824,0.731,3521877,48.81309,7.9,5.8,5.6,5.7,1101,828,805,872,2.736898,10.4694,18.16504,7,11,51.26683,35206,4.93106,116.5834,111.2595,113.9656,850466,5,6,34.99728,6,5,109.6518
Lao PDR,2016,63.14978,32.7269,0.792,0.838,0.746,3592324,48.84019,7.7,5.4,5.4,5.3,1075,776,784,815,2.77443,12.89051,17.26187,7,11,51.75358,36069,5.29127,112.1384,107.0805,109.6518,827987,5,6,39.72934,6,9,106.0174
Lao PDR,2017,63.50635,32.36762,0.805,0.849,0.759,3662333,48.87229,7.5,5.2,5.2,4.9,1051,735,766,763,2.497973,11.43894,15.74091,7,11,52.34781,36204,5.68403,108.0169,103.9447,106.0174,808705,5,6,42.88727,6,9,102.361
Lao PDR,2018,63.80764,32.0382,0.827,0.871,0.781,3732046,48.89814,7.3,5,5.1,4.6,1029,705,753,717,2.335012,11.16838,14.96676,7,11,52.34808,35199,6.20188,104.2918,100.3573,102.361,786246,5,6,46.68267,6,9,100.046
Myanmar,2000,63.2556,31.80892,0.651,0.575,0.745,21514510,43.37087,12.1,11.9,6.1,14.4,11260,12230,6168,14254,2.1,9.80579,10.774365,6,10,74.69073,148254,4.540065,99.30409,96.79903,98.05366,4857955,5,5,5.491995,5,5,97.1261
Myanmar,2001,63.65274,31.37726,0.674,0.596,0.773,21769880,43.03156,11.9,11.4,5.9,13.6,11197,11689,5944,13453,2.1,9.80579,10.93479,6,10,73.96159,148231,4.540065,98.20313,96.04477,97.1261,4781543,5,5,5.491995,5,5,97.10213
Myanmar,2002,63.97868,31.02179,0.672,0.593,0.772,21988240,42.68313,11.6,10.9,5.8,12.8,11102,11093,5711,12727,2.1,9.80579,10.774365,6,10,77.33446,146747,4.540065,97.62542,96.57664,97.10213,4778851,5,5,5.491995,5,5,98.86146
Myanmar,2003,64.25995,30.71493,0.66,0.582,0.76,22161810,42.29923,11.4,10.4,5.6,12,10949,10450,5487,12015,2.1,9.80579,10.774365,6,10,76.77667,149001,4.540065,99.27382,98.44713,98.86146,4889325,5,5,5.491995,5,5,98.84652
Myanmar,2004,64.54988,30.40326,0.666,0.587,0.769,22323560,41.94672,11.1,9.9,5.4,11.1,10707,9764,5266,11303,2.1,9.80579,10.774365,6,10,79.85741,154151,4.540065,99.15599,98.5353,98.84652,4932646,5,5,5.491995,5,5,98.13961
Myanmar,2005,64.8647,30.06962,0.669,0.59,0.774,22477660,41.61793,10.7,9.3,5.2,10.3,10356,9076,5073,10501,2.1,9.80579,10.774365,6,10,80.85254,160110,4.540065,98.10135,98.17811,98.13961,4948198,5,5,5.491995,5,5,97.78436
Myanmar,2006,65.18933,29.72735,0.677,0.597,0.785,22627730,41.32391,10.3,8.6,5,9.4,9774,8291,4826,9706,2.1,9.80579,10.774365,6,10,81.85204,166195,4.540065,98.28455,97.28074,97.78436,4969445,5,5,4.41435,5,5,97.87498
Myanmar,2007,65.51289,29.38524,0.69,0.608,0.801,22784390,41.07563,9.8,8,4.7,8.6,9162,7549,4599,8884,2.1,9.80579,10.61394,6,10,82.62634,172209,4.540065,99.15599,98.17811,97.87498,5013582,5,5,4.65101,5,5,98.96247
Myanmar,2008,65.8649,29.01895,0.709,0.625,0.824,22931620,40.86381,14.8,14.1,15.4,28.9,13603,13321,15266,30508,2.1,9.80579,10.774365,6,10,83.63681,177331,4.540065,99.29588,98.62635,98.96247,5109630,5,5,5.29153,5,5,97.98311
Myanmar,2009,66.21353,28.64883,0.711,0.625,0.827,23078230,40.66491,8.8,6.7,4.1,6.9,8001,6340,4124,7212,2.1,9.80579,10.774365,6,10,84.37033,179268,4.540065,98.83167,97.12713,97.98311,5094623,5,5,5.69246,5,5,98.11195
Myanmar,2013,67.43346,27.23373,0.747,0.655,0.875,24000280,40.25275,7,4.7,3,4,6377,4584,3146,4109,2.1,13.8,10.774365,6,10,81.35229,163152.5,4.540065,99.15599,98.17811,98.096635,4958821.5,5,5,5.491995,5,5,101.8312
Myanmar,2015,67.8267,26.5972,0.77,0.674,0.905,24454340,40.10745,6.4,4,2.6,3.2,5883,3985,2748,3112,2.1,8.73416,10.774365,6,10,81.35229,163152.5,4.540065,99.15599,98.17811,98.096635,4958821.5,5,5,5.491995,5,5,108.9044
Myanmar,2016,67.97741,26.2946,1.177,0.962,1.484,24092840,39.6335,6.2,3.8,2.5,2.9,5730,3792,2583,2803,1.9,9.6839,10.774365,6,10,82.77369,241433,4.41759,110.6374,107.1509,108.9044,5321524,5,5,9.07145,5,5,112.2236
Myanmar,2017,68.13001,25.9792,1.56,1.232,2.04,23702480,39.15522,6,3.6,2.4,2.7,5624,3652,2436,2569,2.32634,9.92768,10.774365,6,10,82.34801,233815,4.66254,115.2916,109.1187,112.2236,5388349,5,5,9.7796,5,5,112.3067
Malaysia,2000,62.36982,33.53017,3,2.968,3.058,9556198,36.05192,5.3,4.1,1.8,1.6,2187,1873,884,811,5.97161,21.39068,25.61568,6,12,66.22092,154720,9.14154,98.64207,98.71629,98.6782,3025977,6,6,52.04752,2,6,98.07515
Malaysia,2001,62.56242,33.25221,3.53,3.388,3.787,9821790,35.89355,5.2,4,1.7,1.5,2222,1881,876,789,7.48447,24.34852,24.99672,6,12,66.90462,154233,9.14154,98.09317,98.05615,98.07515,3033019,6,6,52.38133,2,6,96.59542
Malaysia,2002,62.8257,32.88581,3.48,3.316,3.777,10038570,35.73548,5,3.9,1.7,1.5,2252,1889,866,772,7.65793,25.9036,27.44325,6,12,67.54233,159041,0.93323,96.60657,96.58365,96.59542,3009009,6,6,52.66904,2,6,97.37121
Malaysia,2003,63.17091,32.43202,3.61,3.596,3.636,10496260,35.58389,4.9,3.8,1.7,1.4,2258,1884,853,759,7.50288,24.54244,30.60673,6,12,66.29361,174504,1.12134,97.44453,97.29376,97.37121,3056266,6,6,55.68067,2,6,99.72312
Malaysia,2004,63.60178,31.90232,3.54,3.396,3.805,10688080,35.43814,4.7,3.7,1.6,1.4,2239,1860,840,748,5.92389,21.01292,30.03449,6,12,66.9231,180682,0.94227,99.74063,99.70459,99.72312,3159376,6,6,59.86219,2,6,99.99204
Malaysia,2005,64.10011,31.31416,3.53,3.435,3.705,10843020,35.30231,4.5,3.5,1.6,1.4,2204,1814,827,735,5.21264,19.81073,27.91879,6,12,65.69404,189521,0.83079,99.97438,100.0107,99.99204,3202008,6,6,61.8906,2,6,98.69443
Malaysia,2006,64.64519,30.67963,3.31,3.272,3.381,11224140,35.17346,4.3,3.4,1.6,1.3,2198,1793,833,723,4.48576,16.74557,28.40821,6,12,67.81858,205513,3.41833,98.583,98.8124,98.69443,3217329,6,6,57.18682,2,6,97.95006
Malaysia,2007,65.21708,30.01393,3.23,3.115,3.445,11526420,35.05172,4.2,3.3,1.5,1.3,2212,1795,837,706,4.37254,16.12466,30.00508,6,12,68.40974,214984,4.41704,97.68274,98.23324,97.95006,3221408,6,6,62.03979,2,6,97.9803
Malaysia,2008,65.81891,29.30803,3.32,3.144,3.651,11776890,34.7787,4.1,3.3,1.5,1.3,2238,1835,838,685,3.95852,14.03864,33.43948,6,12,68.43486,223335,6.1835,97.59951,98.38411,97.9803,3225487,6,6,74.3969,2,6,98.65876
Malaysia,2009,66.45175,28.55553,3.66,3.605,3.763,12188510,35.02397,4,3.4,1.5,1.2,2256,1895,834,663,5.97418,18.46463,35.49468,6,12,69.02725,245871,7.96147,98.23794,99.10551,98.65876,3229566,6,6,76.90992,2,6,99.75795
Malaysia,2010,67.06261,27.82525,3.39,3.288,3.58,12512860,34.92977,3.9,3.4,1.5,1.2,2257,1949,824,644,4.96645,18.40623,37.02888,6,12,68.70604,256615,9.73208,99.33267,100.2099,99.75795,3233645,6,6,79.14285,2,6,101.0803
Malaysia,2011,67.58151,27.18626,3.05,2.905,3.314,13066880,35.52429,3.8,3.5,1.5,1.2,2215,1967,812,625,5.76294,20.97702,36.14812,6,12,69.34962,262708,11.07738,100.5555,101.639,101.0803,3237724,6,6,76.90992,2,6,102.7418
Malaysia,2012,68.00625,26.62371,3.1,3.03,3.225,13623990,36.11353,3.7,3.5,1.4,1.2,2169,1974,799,607,5.73903,19.85116,37.61231,6,12,69.21231,270069,12.53984,102.2365,103.2799,102.7418,3241803,6,6,84.67442,2,6,104.6602
Malaysia,2013,68.37067,26.10588,3.16,2.964,3.491,14264780,37.36193,3.7,3.5,1.4,1.2,2132,1971,786,591,5.4812,19.45431,39.07457,6,12,69.09946,274348,14.73855,104.1969,105.1531,104.6602,3245882,6,6,89.40528,2,6,104.3614
Malaysia,2014,68.68392,25.62376,2.88,2.672,3.222,14634930,37.96234,3.7,3.4,1.4,1.2,2105,1956,775,579,5.21264,19.80056,39.50857,6,12,69.89292,278496,13.94894,103.9848,104.7615,104.3614,3178364,6,6,93.01386,2,6,103.8187
Malaysia,2015,68.94695,25.17667,3.1,2.921,3.392,14984850,38.15131,3.6,3.4,1.4,1.2,2091,1929,765,570,4.89487,19.81073,45.59272,6,12,69.50663,269757,12.77309,103.528,104.127,103.8187,3107870,6,6,97.0206,2,6,104.9992
Malaysia,2016,69.1766,24.74862,3.44,3.137,3.929,15259320,38.38622,3.6,3.4,1.4,1.2,2084,1886,755,566,4.75192,20.93572,46.7621,6,12,69.61732,267060,12.37898,104.3654,105.6706,104.9992,3101007,6,6,96.94322,2,6,105.2916
Malaysia,2017,69.37065,24.3406,3.41,3.151,3.825,15580100,38.62656,3.6,3.3,1.5,1.2,2076,1816,745,566,4.67531,21.31582,43.71518,6,12,69.62418,264648,11.84197,104.6165,106.0064,105.2916,3084630,6,6,99.96703,2,6,104.936
Malaysia,2018,69.51097,23.97011,3.3,3.092,3.632,15957340,38.74726,3.6,3.1,1.5,1.2,2060,1721,734,570,4.47865,19.64326,45.12539,6,12,69.39937,258596,11.16544,104.1708,105.7462,104.936,3068441,6,6,99.22442,2,6,104.3825
Philippines,2000,58.5329,37.69365,3.653,3.457,3.966,29775200,38.42392,6.5,4.1,2.7,3,9348,6723,4974,6027,3.1644,15.20676,30.35053,4,12,87.31151,359798,7.24883,107.5555,105.5152,109.4365,12707790,6,6,25.42441,1,10,108.7248
Philippines,2001,58.68909,37.4889,3.7,3.5,4.02,30499220,38.41173,6.5,4,2.6,2.9,9578,6786,4899,5881,2.92464,13.91591,30.35053,4,12,87.25233,362427,7.2672,108.6185,108.8362,108.7248,12759920,6,6,28.95392,1,10,108.0192
Philippines,2002,58.85417,37.27579,3.626,3.427,3.943,31217040,38.39202,6.5,4,2.5,2.8,9776,6871,4836,5769,2.89222,14.06893,30.17904,4,12,87.25219,362431,7.09119,108.4347,107.5845,108.0192,12826220,6,6,31.20253,1,10,107.869
Philippines,2003,59.03852,37.04221,3.53,3.333,3.843,31926680,38.36001,6.5,4,2.5,2.7,9935,6983,4786,5686,2.93518,14.38022,29.07218,4,12,89.02107,371384,7.05033,108.4864,107.2231,107.869,12970640,6,6,35.8991,1,10,106.857
Philippines,2004,59.24828,36.79077,3.55,3.345,3.884,32900740,37.84831,6.4,4,2.4,2.7,10068,7126,4759,5631,2.46983,12.75085,28.36049,4,12,89.35881,376988,7.258,107.5555,106.1265,106.857,13017970,6,6,36.63072,1,10,105.9753
Philippines,2005,59.49944,36.50412,3.8,3.544,4.205,33734280,38.38611,6.4,4,2.4,2.6,10209,7300,4753,5593,2.32807,12.42236,27.51806,4,12,87.25187,373035,7.61536,106.5102,105.4157,105.9753,13083740,6,6,37.30596,1,10,103.9452
Philippines,2006,59.77984,36.18875,4.05,3.875,4.325,34451250,38.57673,6.4,4,2.4,2.6,10330,7442,4752,5529,2.42579,13.26853,27.84253,4,12,87.25191,375978,7.81109,104.5946,103.2651,103.9452,13006650,6,6,41.6174,1,10,104.2242
Philippines,2007,60.11354,35.81042,3.43,3.252,3.71,35217800,38.66019,6.4,4.1,2.3,2.5,10464,7619,4761,5462,2.48518,13.66702,30.35053,4,12,87.27,390432,7.9767,104.8586,103.5588,104.2242,13145210,6,6,43.80621,1,10,105.8079
Philippines,2008,60.49878,35.36644,3.72,3.539,4.009,36018860,38.36478,6.3,4.1,2.3,2.5,10593,7797,4765,5384,2.58283,14.44199,29.15916,4,12,87.31151,397468,8.14822,106.3131,105.2759,105.8079,13411290,6,6,45.75659,1,10,107.7616
Philippines,2013,62.11217,33.42231,3.5,3.291,3.822,40789300,39.21421,6,3.8,2.5,2.9,11191,7719,5271,6341,3.02,17.75623,33.52277,4,12,87.31151,393950,8.062215,107.5555,105.5152,107.1834,13170150,6,6,101.9211,1,11,113.0535
Philippines,2014,62.40516,33.04136,3.6,3.521,3.721,42179840,39.35911,6,3.8,2.2,2.3,11347,7696,4642,5082,2.933717,16.04591,35.62689,4,12,86.98498,461244,8.31874,114.1822,111.8504,113.0535,14460380,6,6,104.3685,1,11,112.2509
Philippines,2015,62.72622,32.63618,3.07,2.971,3.221,42622140,39.45826,6,3.8,2.2,2.3,11494,7742,4655,5099,3.518517,16.34445,37.8001,4,12,87.62737,477530,8.14773,113.9047,110.4972,112.2509,14453060,6,6,100.0484,1,11,110.1739
Philippines,2016,63.02165,32.25749,2.7,2.602,2.852,43756700,38.92728,5.9,3.8,2.2,2.3,11599,7815,4681,5132,3.034224,17.1145,40.41587,4,12,87.54431,493084,8.16902,111.9904,108.2587,110.1739,14293640,6,6,95.16985,1,11,107.5098
Philippines,2017,63.259,31.92132,2.55,2.458,2.698,42974770,37.86686,5.9,3.8,2.2,2.3,11657,7908,4729,5192,3.971154,19.83185,35.47546,5,12,87.5354,482743,8.45405,109.4109,105.5152,107.5098,14039870,6,6,80.69254,1,11,101.8622
Philippines,2018,63.46553,31.59815,2.34,2.127,2.677,43800370,38.3583,5.8,3.8,2.2,2.3,11656,7985,4793,5269,3.864053,18.73577,29.54748,6,12,87.35302,495636,8.90028,103.767,99.86927,101.8622,13418840,6,6,99.81634,1,13,99.14772
Singapore,2009,78.05143,14.92542,5.86,5.401,6.547,2896379,40.19073,1.8,1.1,0.6,0.4,123,81,32,20,3.01013,21.85297,86.83968,4,12,81.44209,16171,7.58583,90.008335,88.892375,89.46432,294602,6,6,96.61777,6,6,91.37703
Singapore,2010,78.54768,14.25095,4.12,3.918,4.42,2996341,40.46001,1.7,1.1,0.5,0.4,121,83,29,20,3.08044,18.57173,86.83968,4,12,80.73134,15969,3.96013,92.25903,90.45242,91.37703,263906,6,6,96.61777,6,6,87.55161
Singapore,2011,78.52772,13.95124,3.89,3.589,4.331,3083097,40.71656,1.6,1,0.5,0.4,122,80,29,19,3.03077,28.86184,86.83968,4,12,80.73134,15969,3.96013,87.75764,87.33233,87.55161,258293,6,6,96.61777,6,6,86.31424
Singapore,2012,78.33239,13.79573,3.72,3.367,4.234,3196982,40.94302,1.6,1,0.5,0.4,122,77,28,18,3.07086,31.37175,86.83968,4,12,80.73134,15969,3.96013,86.42992,86.19151,86.31424,252735,6,6,96.61777,6,6,85.03429
Singapore,2013,78.27617,13.52648,3.86,3.481,4.407,3261188,41.09864,1.5,1,0.5,0.4,121,74,27,17,2.85435,28.83915,86.83968,4,12,80.73134,15969,3.96013,85.41648,84.63388,85.03429,244045,6,6,96.61777,6,6,85.47762
Singapore,2014,78.36586,13.12552,3.74,3.478,4.112,3355765,41.42275,1.4,1,0.5,0.4,118,73,25,17,2.92437,22.90193,86.83968,4,12,81.38663,14683,3.96013,86.2039,84.72574,85.47762,241676,6,6,96.61777,6,6,84.46796
Singapore,2015,78.36414,12.7133,3.79,3.656,3.978,3448597,41.73996,1.4,1,0.4,0.3,113,72,23,16,2.86309,19.69204,86.83968,4,12,81.22569,14914,3.96013,85.23771,83.67419,84.46796,239095,6,6,96.61777,6,6,100.7732
Singapore,2016,77.99166,12.44337,4.08,3.787,4.488,3490197,41.84752,1.3,1,0.4,0.3,110,68,21,16,2.87483,18.51387,83.94098,4,12,80.48811,15734,3.94145,100.8503,100.6929,100.7732,236943,6,6,96.61777,6,6,100.627
Singapore,2017,77.331,12.29321,4.2,4.032,4.436,3493868,41.65847,1.3,0.9,0.4,0.3,107,63,20,15,2.76826,20.06048,84.79291,4,12,80.55608,15969,3.87721,100.6798,100.5717,100.627,234653,6,6,96.61777,6,6,100.2619
Singapore,2018,76.52969,12.20731,3.643,3.477,3.874,3496429,41.82279,1.2,0.9,0.4,0.3,103,57,19,14,2.85598,20.78537,88.88645,4,12,80.49589,16294,3.96013,100.2971,100.2249,100.2619,233553,6,6,96.45341,6,6,100.6926
Thailand,2000,69.84341,24.05599,2.39,2.436,2.336,34800730,45.96017,11.6,6.7,2.9,3.1,12413,7280,3057,3213,5.25346,28.3886,34.87945,6,12,63.64749,293391,13.0583,99.01487,96.15895,97.61494,6100647,6,6,74.999675,5,9,97.08288
Thailand,2001,70.21487,23.4155,2.6,2.691,2.491,35667410,45.77483,11.3,6.8,3,3.2,12080,7423,3102,3205,4.81787,24.24134,39.07111,6,12,61.814635,315565,13.57792,98.18897,95.93037,97.08288,6023714,6,6,74.999675,5,9,98.6697
Thailand,2003,70.78465,22.30378,1.54,1.623,1.442,36730280,45.92073,10.5,7.4,3,3.1,11245,7791,3129,3065,3.72561,20.86635,40.94997,6,12,61.814635,318060,18.92893,99.67275,97.7009,99.17333,5146535,6,6,74.999675,5,9,101.4207
Thailand,2004,70.96736,21.81686,1.51,1.619,1.38,37474640,45.73394,9.8,7.4,3.5,3.7,10523,7692,3546,3555,4.03089,21.45767,42.07362,6,12,61.814635,318060,15.15419,102.4298,100.3659,101.4207,6054517,6,6,74.999675,5,9,101.9233
Thailand,2005,71.10776,21.34851,1.35,1.47,1.21,38143750,46.26352,9.2,7.3,3,3,9723,7460,3013,2759,3.93859,20.54682,44.57695,6,12,61.814635,318060,15.80609,103.3285,100.452,101.9233,5974615,6,6,74.999675,5,9,101.8131
Thailand,2006,71.26959,20.88412,1.22,1.303,1.122,38276330,45.88462,8.6,7.1,2.9,2.8,8966,7153,2915,2600,4.05038,22.00279,44.85783,6,12,59.74475,319916,16.65137,102.5927,100.9951,101.8131,5843512,6,6,74.999675,5,9,101.3795
Thailand,2007,71.44704,20.45579,1.18,1.277,1.066,39112780,46.08411,8.1,6.9,2.9,2.7,8279,6874,2812,2443,3.60315,18.48467,49.0348,6,12,59.68068,321930,17.49649,102.1417,100.578,101.3795,5703756,6,6,74.999675,5,9,100.8284
Thailand,2008,71.60594,20.07084,1.18,1.3,1.04,39500140,46.08135,7.7,6.7,2.8,2.6,7697,6648,2708,2293,3.5085,18.16285,48.67157,6,12,59.98178,347959,18.00606,101.5025,100.1185,100.8284,5564622,6,6,74.999675,5,9,99.17333
Thailand,2009,71.73526,19.70363,0.949,1.012,0.875,39613760,45.74264,7.4,6.6,2.8,2.5,7238,6461,2610,2152,3.86194,18.1783,49.4027,6,12,61.814635,318060,18.35815,99.67275,98.64668,99.17333,5370546,6,6,74.999675,5,9,96.85814
Thailand,2010,71.86511,19.28918,0.62,0.62,0.62,39447290,45.80026,7.2,6.4,2.7,2.4,6874,6269,2517,2020,3.50844,16.22262,50.37474,6,12,59.15079,316552,18.2188,97.43343,96.25137,96.85814,5146535,6,6,74.999675,5,9,96.75588
Thailand,2011,71.98857,18.82887,0.66,0.646,0.676,40871920,46.34491,7,6.2,2.7,2.3,6613,6083,2447,1912,4.80555,22.63024,52.2557,6,12,59.18834,319568,18.92893,97.3642,96.11465,96.75588,5044242,6,6,74.999675,5,9,97.02945
Thailand,2012,72.04374,18.39408,0.58,0.622,0.531,41198440,46.1198,6.8,6.1,2.6,2.2,6452,5917,2379,1816,3.596918,18.67578,50.67901,6,12,59.68072,307446,19.87041,97.68221,96.34154,97.02945,5005432,6,6,86.13,5,9,96.91785
Thailand,2013,71.99363,18.01459,0.25,0.259,0.239,40085030,45.58711,6.7,6,2.6,2.1,6409,5836,2314,1733,3.824399,20.5803,49.85337,6,12,61.814635,318060,20.80989,97.50268,96.30109,96.91785,4954620,6,6,74.999675,5,9,102.1109
Thailand,2014,71.84318,17.69466,0.58,0.594,0.564,40209230,45.48981,6.7,6,2.5,2,6465,5863,2258,1662,3.919178,20.53541,50.18007,6,12,61.814635,336676,19.98975,101.347,102.9176,102.1109,5182351,6,6,71.34223,5,9,100.6509
Thailand,2015,71.63374,17.40246,0.6,0.591,0.611,40201740,45.59287,6.8,6.1,2.5,1.9,6557,5938,2218,1597,3.863976,20.6231,47.24827,6,12,73.42342,300968,20.18191,103.5157,97.61979,100.6509,5081079,6,6,67.95236,5,9,100.7575
Thailand,2016,71.39956,17.11326,0.69,0.672,0.712,39942540,45.59346,6.8,6.2,2.5,1.9,6646,5939,2178,1531,3.767617,19.80216,49.28681,6,12,71.33293,303969,21.26692,100.5445,100.9833,100.7575,5063489,6,6,71.99156,5,9,96.91344
Thailand,2017,71.13277,16.83658,0.83,0.821,0.841,39798920,45.53791,6.8,6.3,2.5,1.8,6676,5863,2153,1472,3.465322,18.36237,47.24827,6,12,71.58372,293265,20.75854,100.3302,93.28971,96.91344,4817883,6,6,74.78195,5,9,96.93809
Thailand,2018,70.81813,16.57908,0.77,0.788,0.748,40229450,45.5801,6.8,6.2,2.5,1.8,6629,5700,2137,1416,3.1986,17.16621,45.95427,6,12,61.814635,318060,21.53314,97.26991,96.58607,96.93809,4761471,6,6,78.82322,5,9,98.02318
Vietnam,2000,62.42624,31.37371,2.26,2.372,2.142,39197850,49.50626,5.2,4.4,2.4,3.7,7907,7273,4327,6780,4.46576,16.81229,9.46467,7,11,77.90366,340871,0.30403,111.7811,107.161,109.5283,10063020,5,6,40.78903,6,5,106.5501
Vietnam,2001,63.24331,30.48908,2.76,2.276,3.268,40501910,49.48875,5.1,4.3,2.4,3.5,7894,7269,4287,6190,4.46576,16.81229,9.52937,7,11,78.30769,347833,0.28191,108.8947,104.0884,106.5501,9751434,5,6,42.28309,6,5,103.0719
Vietnam,2002,64.0239,29.65811,2.12,1.92,2.33,41125860,49.39668,5,4.2,2.3,3.2,7878,7252,4228,5545,4.46576,16.81229,9.79335,7,11,77.83258,354624,0.33911,105.618,100.3985,103.0719,9336913,5,6,45.29814,6,5,100.213
Vietnam,2003,64.77273,28.87315,2.25,1.884,2.636,41724860,49.28164,4.9,4.1,2.3,3,7849,7222,4155,4892,4.46576,16.81229,10.18512,7,11,77.9683,358606,0.33804,102.7297,97.57024,100.213,8841004,5,6,49.56449,6,5,98.92959
Vietnam,2004,65.50233,28.11564,2.14,1.859,2.439,42252510,48.99357,4.8,4.1,2.2,2.8,7827,7169,4052,4275,4.46576,16.81229,20.23058,7,11,78.32842,362627,0.35278,101.7216,95.99644,98.92959,8350191,5,6,54.32998,6,5,97.72135
Vietnam,2005,66.22253,27.3728,2.095,1.937,2.263,43725100,48.96926,4.8,4,2.2,2.6,7804,7119,3895,3763,4.46576,16.81229,16.15993,7,11,78.02975,360624,0.36971,100.1352,95.18296,97.72135,7773484,5,6,59.80497,6,9,98.12531
Vietnam,2006,66.94827,26.62831,2.087,2.052,2.123,45207160,48.95129,4.7,3.9,2.1,2.5,7751,7042,3690,3356,4.46576,16.81229,16.78205,7,11,78.10824,353608,0.45672,99.65517,96.51411,98.12531,7317813,5,6,65.65772,6,9,99.78874
Vietnam,2007,67.64693,25.91394,2.03,2.122,1.932,46689590,48.94143,4.6,3.9,2.1,2.3,7679,6961,3455,3049,4.46576,16.81229,18.48277,7,11,77.66255,344547,0.53466,101.4279,98.05822,99.78874,7041312,5,6,68.02237,6,9,101.6588
Vietnam,2008,68.27338,25.27322,1.927,2.05,1.795,48035090,48.75311,4.5,3.8,2.1,2.2,7601,6840,3198,2826,4.88674,18.00124,19.06383,7,11,77.33034,344853,0.57593,108.57055,106.05785,101.6588,6871795,5,6,68.25603,6,9,102.3213
Vietnam,2009,68.80709,24.7254,1.74,1.889,1.579,49365080,48.59304,4.3,3.7,2,2,7506,6649,2957,2659,4.8165,15.18871,20.23058,7,11,77.96645,345505,0.59899,103.4445,101.1284,102.3213,6745016,5,6,69.36865,6,9,105.7092
Vietnam,2010,69.22637,24.28808,1.11,1.143,1.074,50409730,48.42146,4.2,3.6,2,1.9,7394,6363,2764,2505,5.13722,17.05667,22.82086,7,11,77.88408,347840,0.58328,108.0977,103.1656,105.7092,6922624,5,6,71.2737,6,9,107.1937
Vietnam,2011,69.51725,23.96775,1,1.091,0.901,51233470,48.35202,4.1,3.5,1.9,1.8,7275,5995,2624,2365,4.81372,17.81127,24.94845,7,11,77.12143,359039,0.52607,109.2904,104.9547,107.1937,7048493,5,6,74.55041,6,9,107.7544
Vietnam,2012,69.69257,23.74881,1.03,1.121,0.931,51880300,48.52985,4,3.4,1.9,1.7,7165,5575,2528,2247,5.53329,18.78499,25.18673,7,11,77.41152,366045,0.55369,107.1655,108.3855,107.7544,7100950,5,6,78.88569,6,9,108.4109
Vietnam,2013,69.76276,23.60843,1.32,1.484,1.143,53110640,48.59994,3.9,3.3,1.9,1.6,7027,5128,2464,2149,5.652,18.51551,25.19179,7,11,76.35122,381432,0.53417,109.2532,107.5035,108.4109,7202767,5,6,82.42049,6,9,110.3296
Vietnam,2014,69.69807,23.51208,1.26,1.399,1.109,53761700,48.60965,3.8,3.3,1.9,1.5,6830,4726,2420,2063,4.43838,16.81229,30.7155,7,11,74.82123,386953,0.59545,110.4161,110.2359,110.3296,7434848,5,6,82.04487,6,9,109.887
Vietnam,2015,69.55703,23.41922,1.85,1.979,1.709,54503880,48.37311,3.7,3.2,1.8,1.4,6536,4409,2385,1975,4.46576,17.11952,29.07346,7,11,77.57102,392403,0.6449,109.668,110.1264,109.887,7543632,5,6,83.97326,6,10,111.2049
Vietnam,2016,69.45759,23.3102,1.85,1.989,1.699,54678040,48.4189,3.7,3.1,1.8,1.3,6182,4159,2364,1888,4.34481,15.6049,28.54497,7,11,77.83506,396843,0.7319,110.4113,112.0794,111.2049,7790009,5,6,87.80915,6,10,109.1508
Vietnam,2017,69.3564,23.17209,1.87,2.027,1.698,54999070,48.36001,3.6,3,1.8,1.2,5762,3980,2354,1796,4.08554,15.09342,20.23058,7,11,77.85957,397098,0.87472,108.2464,110.1537,109.1508,7801560,5,6,96.53198,6,10,110.5948
Vietnam,2018,69.22476,23.01772,1.16,1.278,1.029,55246120,48.01274,3.5,3,1.7,1.1,5323,3848,2346,1705,4.16745,16.09087,20.23058,7,11,78.11775,396600,1.05702,109.4646,111.8538,110.5948,8041842,5,6,100.2349,6,10,115.4352
