grid_index,mtry,trees,min_n,mse_mean,mse_se,mae_mean,mae_se
1,18,682,3,0.0732474211984671,0.0336503790276155,0.0213188855069724,0.00216118245172293
2,16,1365,5,0.0639308970420862,0.0315939909821375,0.0216505912316992,0.00223820264230336
3,21,972,4,0.0724413748010694,0.0341730970226418,0.0214093329067738,0.00223802783975557
4,10,1037,5,0.0564841263397983,0.0274298623868287,0.0217336534937457,0.00234812501389379
5,10,1343,5,0.0635400951498072,0.0319457112478487,0.0219158897789511,0.0024107712424857
6,3,1166,4,0.0733826076495483,0.039585509588497,0.0226809818657369,0.00296364682819905
7,18,609,2,0.066665502418858,0.0318359492349155,0.0216616290778299,0.00223905416451165
8,13,1061,7,0.0628523153012708,0.0304041464585373,0.0220207804374015,0.00234142367147649
9,18,734,5,0.0630565544179849,0.0313869428275884,0.0218820964318748,0.00230665588905382
10,6,2120,2,0.0610787399778685,0.0309678580012791,0.0216770245813675,0.00249637392428329
11,21,990,8,0.079852997790174,0.0364697124517252,0.0219062414697013,0.00221064116584971
12,20,1473,5,0.0740230524315114,0.0343260708399804,0.0217064783675339,0.00218110099894439
13,16,1583,7,0.0647660114511948,0.0308067329495689,0.0217938403153483,0.0022349866717957
14,3,1320,4,0.0697621874777891,0.0366995891721769,0.0221756055153039,0.00277784807915866
15,3,1418,4,0.0688578163963192,0.0357685579721353,0.0223662995432678,0.00282376711918686
16,8,1650,7,0.0630621962640222,0.0320630799232849,0.0223001344945723,0.00251046008502995
17,3,509,5,0.0738845306167173,0.0351496022662798,0.0229254226547905,0.0028856907582159
18,11,730,3,0.0616990247195244,0.0296973721054737,0.0217775611154217,0.00238994329132532
19,2,1472,3,0.0742508606769013,0.0399356515225265,0.0226708866553206,0.00298131301387027
20,7,1046,7,0.0610584758204754,0.0316711536162478,0.0224575321756253,0.0026224525746908
21,5,1380,7,0.0679159648685222,0.0337370577809837,0.0226386117554223,0.00272916871739264
22,20,1747,5,0.0734736396196525,0.0339659106739797,0.0217576377980144,0.0021852362002477
23,7,1762,6,0.0634040665221152,0.032489430751783,0.0222092209623961,0.00254767469542698
24,16,1144,3,0.0630574562795653,0.0304464335072577,0.0214778593369276,0.00220322077268022
25,12,1661,3,0.0616255921523859,0.0289961642392699,0.0217235050653077,0.00232428065970156
26,19,963,5,0.0719823619487371,0.0344534482942312,0.0215408588329656,0.00217714744909803
27,18,1342,6,0.0708667291240952,0.034249912564287,0.0215962386351556,0.0022066615769894
28,20,1498,7,0.0700661193750155,0.0316431587932097,0.0216596834064261,0.00222959891418109
29,16,1420,1,0.068499900978232,0.0316065015434315,0.0214256604456422,0.00216195375130916
30,3,2015,2,0.0672111782550799,0.0377094669470733,0.0218299134802081,0.00281930945301185
31,11,1403,6,0.0591601614852784,0.0285223986416914,0.0219202680366197,0.00233068310909686
32,20,1620,7,0.0694630495914486,0.0320095278940214,0.0218468125640402,0.00220923858343332
33,22,1012,7,0.076003812195638,0.0339926814326745,0.0216360652226159,0.00223168698953721
34,8,910,3,0.0553573519807949,0.0270342085747885,0.0216355089088255,0.00238607113665582
35,23,1883,2,0.0812831202345004,0.0380984609035343,0.021182597686537,0.00218035517080397
36,5,689,4,0.0642458611245127,0.032458978029647,0.021996197645856,0.00257870189064592
37,10,1409,6,0.055784839603354,0.026554937693832,0.0221176941603179,0.00242041119023756
38,23,1048,5,0.0782048461720416,0.0364623082329111,0.0213075887970204,0.0021745824480965
39,15,2067,2,0.0617747144614947,0.0312417580548684,0.0214934664353527,0.00227295562199606
40,17,562,1,0.0636986797035822,0.030764339973178,0.0212888859319395,0.00222974567272674
41,9,1137,4,0.0592716356653944,0.030321183358129,0.0218619855464169,0.00243154344085278
42,10,1002,3,0.0572288505092172,0.0280192886982496,0.0217695029712061,0.00243110279181787
43,17,751,4,0.0670541127654778,0.0306515496532932,0.0215600551616941,0.00220204878329478
44,19,1803,4,0.067309132612156,0.0318976221191064,0.0215560311097532,0.00218830128118899
45,18,1863,7,0.0731760523809631,0.0351893725764548,0.021736639641619,0.00222736397045047
46,22,1574,5,0.0773870163829421,0.0357811242047363,0.0213490386801515,0.00219446420256757
47,6,877,5,0.0661907640310363,0.0316214191538158,0.0219841269064757,0.00250839148126723
48,16,491,3,0.0678556387535878,0.032679995958496,0.0212431857464305,0.0021344115309833
49,5,1574,5,0.059866403889876,0.0308412275064171,0.0221385098317465,0.00265042396392267
50,9,1099,2,0.0597282458179998,0.0309315964967698,0.0216122586774552,0.00231744338636597
51,17,898,6,0.0750921413354143,0.0381731345460025,0.0218168586619788,0.00226099717330107
52,15,998,8,0.0657570748188434,0.0332904420556839,0.0219962951968343,0.00224299746792675
53,7,1236,1,0.060654669424205,0.0306510100783563,0.0215672086680188,0.00241681239448956
54,21,1414,7,0.0745584084546416,0.0338492225912622,0.02145341392971,0.00214220118805363
55,10,2097,7,0.0622254267777262,0.0312226053676472,0.0220453635156684,0.00239361366873383
56,19,1986,8,0.0680386692003173,0.0320316257969241,0.0218054651057126,0.00219756718096264
57,15,523,5,0.0633242061947236,0.0300338951153682,0.0218829545400384,0.00225710178765229
58,20,1183,7,0.0712282518832219,0.0333926292167298,0.0219569593803933,0.00220103945149386
59,2,696,6,0.0756288280139036,0.0406777327302284,0.0230892997241681,0.00292011099886663
60,14,973,4,0.0674201594677297,0.0325326617956918,0.0219635533018117,0.00226618879263686
61,4,1327,1,0.0636746425089985,0.0327457297909121,0.0216360538100438,0.0026597486713268
62,23,652,4,0.0802871325160185,0.0367033253214086,0.0213750139241536,0.00211549472379422
63,14,1799,4,0.0681362580278684,0.033926860926622,0.0216851501646782,0.00227470434248434
64,17,1566,7,0.0694893393299455,0.033205019320859,0.0218411625636716,0.00221478087267756
65,7,1605,6,0.0600782918698849,0.0304728616458327,0.0222933535140551,0.00257544528928096
66,6,1647,6,0.0591874971506542,0.0299761916383721,0.0222728069283205,0.00263053047685892
67,8,2184,7,0.0626962991462854,0.03061696683925,0.0222977947405678,0.00246243878260126
68,9,2150,3,0.058438014882911,0.0279728846178468,0.0217430431827456,0.00239980993813301
69,16,1606,5,0.0659404051794623,0.0312614771948639,0.0218417587251703,0.00226041213575042
70,8,2163,3,0.0641693422076631,0.0327440219557204,0.0218595748917034,0.00245935596208753
71,22,1698,4,0.0799191086105779,0.0355116038819961,0.0215739214564428,0.00220996841402136
72,12,665,2,0.0622379211667566,0.0303727561147758,0.0214869045729558,0.00230437511061851
73,17,2039,5,0.0690529764728057,0.0328933829700408,0.0216257862855118,0.00217915537544356
74,21,1246,5,0.0761600764831923,0.0364601563171733,0.021607447894131,0.00222266007405467
75,13,1155,3,0.0576884986250005,0.0279493200389776,0.0213985649359667,0.00224855864750123
76,7,553,5,0.0584649322761158,0.031524612409487,0.0218622026711898,0.00250813599064349
77,11,1079,3,0.0636011976807268,0.0328853109818055,0.0216435054015942,0.00237255032224524
78,16,2019,1,0.0658772535473706,0.0309526292766395,0.0215126206472103,0.00217510759264254
79,20,1218,6,0.0710116934153899,0.0325036978544401,0.0217371917401573,0.00217911339584277
80,18,648,6,0.0777656223375477,0.0357074719227875,0.0218389661160944,0.00222371865230426
81,11,1407,2,0.0575235592161192,0.0288228306620796,0.0216359366447612,0.00232398983657517
82,3,1094,2,0.0649437336818146,0.0352244694991214,0.0220719681848457,0.00279551127372337
83,21,1037,7,0.0803425797668019,0.0361370021812389,0.0217133794552165,0.00219165433404686
84,10,1778,2,0.0586024220909363,0.0309724976129902,0.0215843276541844,0.0023415495260963
85,6,1725,3,0.0594103578004094,0.0303741236441213,0.0219283503338235,0.00255035159101398
86,2,847,1,0.0748147378486428,0.040703829448197,0.0224680346576496,0.00295455258559187
87,21,1698,5,0.0740572267226767,0.0342994619138224,0.0214178641184826,0.0022116357706979
88,17,1291,4,0.0674288807028895,0.0326617785742191,0.0216077755504856,0.00218789048176773
89,6,1795,2,0.0582693017562558,0.0298536214040201,0.0219206644575857,0.00255179307332677
90,3,675,8,0.0684235601420918,0.0338946174435487,0.0236054886278094,0.00293251257170256
91,18,1288,7,0.0736341859076467,0.0340928468572258,0.021832204535454,0.00221712861217381
92,4,1835,2,0.0653846334576542,0.0349331655285149,0.0218961569470895,0.00268890640120512
93,8,498,3,0.0624457647050946,0.0302194907396179,0.0217640136258576,0.00241191002095389
94,15,1209,3,0.0628170207027779,0.0306112835024668,0.0214178304987441,0.00225161326587172
95,4,1952,8,0.0691758136459522,0.0358190214030599,0.0229119073171561,0.00282507209747125
96,6,1598,4,0.0594170769256032,0.0296855487438318,0.0218664063999879,0.00253003625161391
97,3,1445,4,0.0660387558216859,0.0369372842435214,0.022092303986668,0.00289297421514626
98,8,1759,5,0.0620576733109833,0.0310285818748865,0.0219004012344992,0.00245952757306864
99,8,773,7,0.0590186753422367,0.0302557584799073,0.0224246532692411,0.00256838289551718
100,20,830,8,0.0753300399182576,0.0351852508798607,0.0218051638689199,0.00215010709898533
101,8,656,1,0.0554620571005737,0.0276881473619699,0.0216994168927448,0.00245156555847662
102,14,946,7,0.0702451112383044,0.033488049115012,0.0222477612524284,0.0023840421957323
103,5,1505,7,0.0687495940207717,0.0352604197397652,0.0225975472802628,0.00268762371240415
104,5,691,2,0.0580836848187419,0.0297366360793148,0.0216630620788486,0.00259143848880267
105,5,1083,4,0.0635609107213747,0.0341496876279146,0.0216540083511873,0.00257203494675389
106,9,1177,7,0.0610536802740226,0.0315496842089947,0.0219669871853079,0.00237746404924807
107,6,840,6,0.0659933829706106,0.0337111290759941,0.0224244859575816,0.0026069043900774
108,18,1198,7,0.0760843396149309,0.0358336047088208,0.0218300173586892,0.0022283753707303
109,5,1827,4,0.0626778442053138,0.0330260420035794,0.0221355793492615,0.00268334597229861
110,12,969,3,0.0591060073632735,0.0289363278087339,0.0215273722891403,0.00228911332660844
111,12,2061,5,0.0631825262063898,0.031383317271516,0.0218584719196536,0.00228764984937033
112,15,1330,6,0.063094788093829,0.0302408114451657,0.0216502811998159,0.00228078054394495
113,10,1689,7,0.0581043660035554,0.0290963371955799,0.0221629874689864,0.00239574457195878
114,10,1317,2,0.0539619841967429,0.0271875416740158,0.0215036795064241,0.00233512295533035
115,10,917,4,0.0590434429855168,0.0293414708500637,0.0221017869798056,0.00244455586625606
116,4,1282,7,0.0691556525118485,0.0363066022833699,0.0226735292058607,0.00279040216802512
117,18,1466,5,0.0735446375101394,0.0361054294982412,0.0216170400004129,0.00220616903567049
118,4,1142,4,0.0637055785667065,0.0324937299585561,0.0222462007041718,0.00271140754894873
119,19,892,5,0.073536507410923,0.035114714176432,0.0215875441117003,0.00215687321773707
120,4,1922,2,0.0614283028980144,0.0337158487499588,0.0219020328072525,0.00274184709647318
121,7,703,4,0.0605604210508597,0.0312437479194685,0.0218116235940093,0.00247322504231583
122,14,1565,2,0.0609249300751215,0.0297829220904187,0.021557903672873,0.0022268186380068
123,15,1814,2,0.062143481325109,0.0297402423889679,0.0216174633965636,0.00223686343052022
124,7,2251,1,0.0580245447708535,0.0286403583923672,0.0217949385552597,0.00252835256731956
125,11,2215,2,0.0633794053694272,0.0315101591646899,0.0214162810949841,0.00227708097975134
126,7,1547,4,0.0571169980952222,0.0281910142593662,0.0219392484319657,0.00250117150841205
127,9,988,3,0.0564752382551356,0.0283503643138573,0.0217301537811155,0.00237336887922247
128,15,959,3,0.0612654298928081,0.0305288437684807,0.0213641418017628,0.00221508543056448
129,3,897,4,0.0702654007020602,0.0372938876050505,0.0225358901657759,0.00284315891193644
130,16,708,8,0.0683402756819078,0.0339691272292576,0.0218930770716629,0.00224788896825424
131,21,914,4,0.0799443300604054,0.037589033381769,0.0218172414137292,0.00220388257015178
132,7,2232,3,0.0572517648484213,0.0292556395835819,0.0217776731066994,0.00251413994142836
133,18,644,2,0.0740912997221274,0.0341089764982563,0.0215783602845375,0.00212390814987485
134,17,627,8,0.0727866451125043,0.03385818944162,0.0220143531805291,0.00223479453645253
135,5,508,5,0.0581288011925861,0.0299892934775338,0.0222477600250164,0.00261881326676199
136,10,1485,6,0.0589147415011817,0.0281963214634233,0.0219818818976658,0.00239111771515305
137,9,745,5,0.0609672580755758,0.033704675547025,0.0216140047422749,0.00235265382351241
138,10,843,7,0.060120481649536,0.0274620039252533,0.022394803657186,0.00249064536648598
139,9,651,5,0.0646008807305342,0.033898157112081,0.022065139655798,0.00243191677240628
140,6,1686,6,0.0608401039357453,0.0316443416229975,0.022332111808158,0.00256851713983145
141,4,1051,4,0.064647274582373,0.03536627974159,0.0221875377603033,0.0027068438387055
142,23,1123,8,0.0771637232463941,0.033120164747721,0.0219618109706633,0.0021716959084138
143,20,1420,4,0.0722612996544233,0.0335767375233172,0.0216040750761304,0.00224139019010091
144,15,2086,8,0.0685546515222663,0.0332149454231608,0.0221011756799667,0.0023156047058622
145,4,883,5,0.0690625150815106,0.0369658325824734,0.0224152670812702,0.00272441515018027
146,7,1865,8,0.0663474666899871,0.0332593909883267,0.0225031830904072,0.00258014192632112
147,12,1844,6,0.068531797147966,0.0335098593313911,0.0221277717979977,0.0024115907845485
148,20,1202,1,0.0752829560570343,0.0359960281928955,0.0212161757750752,0.00212611921681446
149,6,1024,4,0.0613801671079742,0.0323356968583919,0.0221083552638689,0.0025767978728657
150,19,1501,4,0.0667005024336717,0.0313851483240425,0.0213824942372835,0.00220129228442152
151,19,1963,2,0.0732767337700912,0.0341642999539734,0.0214081064741663,0.00216375561009894
152,17,1921,3,0.067562192505803,0.0317815137293353,0.021415517819427,0.00215151702272563
153,7,561,6,0.061845700934287,0.0304920382292574,0.0222688831883402,0.00247013017234093
154,17,1340,3,0.0662913240642286,0.0325065036384853,0.0215529381254856,0.00220378266003413
155,4,1854,5,0.0661984968696704,0.0338258086583772,0.0223395625827464,0.00273146175853806
156,17,489,3,0.0655035888779124,0.0330370044063871,0.0212434228510299,0.00216043019279944
157,14,904,5,0.0657673752192404,0.0320714090775272,0.0217812886380915,0.00230323434893673
158,19,1837,6,0.0702894597015731,0.0333808182359512,0.0216254718230478,0.00223821389391662
159,7,564,7,0.0596340464046852,0.0298886133880957,0.0223986789198645,0.00261024024537538
160,14,1881,5,0.0636555973269433,0.031528447751466,0.0215024047687849,0.00224198356012605
161,15,1865,3,0.0600748546718627,0.0293376620354647,0.0213803710171258,0.00222468908933417
162,2,561,6,0.0818890703592992,0.0410428075663737,0.0234953406007726,0.00318210192761835
163,9,1951,7,0.0671845835483962,0.0321962591004548,0.0222434551281303,0.00243074982936753
164,16,1529,2,0.0576948422680231,0.0271317302980265,0.0212837090860547,0.00223796054557337
165,10,1051,3,0.061909807794018,0.0291190505697102,0.021938762122755,0.00233135609401337
166,17,2227,2,0.0671719337586031,0.0321563572771852,0.0215546445988679,0.00216943987876755
167,7,1788,4,0.0625444445598791,0.0325668583323999,0.0219931091905562,0.00251306059326568
168,3,1340,6,0.0659532940989734,0.037009941152645,0.0228259197160614,0.00290245085983523
169,14,1922,1,0.0653852799774026,0.0311533853054198,0.0215080826931983,0.00225881435750589
170,9,2171,3,0.0593253621368894,0.0298812673443532,0.0216548796241048,0.00237361026182081
171,17,1962,6,0.0651544523099002,0.0308401928282971,0.0217264590781953,0.00224130493814973
172,22,1386,2,0.0742135761413274,0.0346857872070436,0.0212935552207338,0.00219261825035313
173,13,1185,4,0.0588831007086002,0.0300701794736524,0.0216669934995824,0.0023433659735529
174,9,1714,1,0.0610806146581347,0.0308549515244246,0.0215519060984442,0.00233429636531827
175,8,1618,3,0.0594344328152471,0.029374049502165,0.0217735623825064,0.00246848771584151
176,14,1365,8,0.0670026587417502,0.0326252066732703,0.0220696524759282,0.00226407871106824
177,5,1444,6,0.06877477976694,0.0344739212505938,0.0223256256149446,0.00266023003843636
178,21,892,7,0.0786859293578508,0.0359806271526678,0.0219652586977249,0.0021829767628774
179,12,1744,6,0.0598945921116627,0.0280736136669254,0.0219544238912244,0.00239078402099506
180,8,1394,5,0.0630417170811461,0.031184334947355,0.0218734255612407,0.0024076398351608
181,6,1953,4,0.0584368666985531,0.0282910209637366,0.0219109524367056,0.00254271399353548
182,6,871,4,0.062184231660165,0.0318388917385309,0.0215271214091053,0.00249781758864493
183,7,2125,1,0.0597360451862153,0.0309258966576128,0.0216837727930142,0.00246336404152128
184,18,671,2,0.0704730260463365,0.0317334990145885,0.0215446826425112,0.00220658532799023
185,8,2158,8,0.0603988865660822,0.0314460475217819,0.0224840201843993,0.00252942049254421
186,15,1868,6,0.0686984099644717,0.0318272418205355,0.0217571176241021,0.00226866562925433
187,4,1939,7,0.0695795795774788,0.0355415266704203,0.0230088295013021,0.00289488570237986
188,5,656,4,0.0625950949888072,0.0327329104212462,0.022241451543991,0.00266295473986952
189,18,1260,6,0.0663072850852151,0.0306729687941078,0.0216717236501426,0.00223335184532775
190,8,1320,4,0.0580254873946435,0.0271513267394108,0.0218012657720021,0.00239191657823427
191,4,1510,6,0.066251249904815,0.0339477105216542,0.0225884658894669,0.00277845720839881
192,16,715,6,0.0672448235896414,0.0333973055027036,0.02173625285678,0.00219328522797438
193,2,770,7,0.0737624697085867,0.0377827451593695,0.0236424583617781,0.00304512708564965
194,21,1966,5,0.0759886112092632,0.0336100379759304,0.0216485559343805,0.00218357398425037
195,14,842,8,0.0626538792295721,0.0312743969484666,0.0222992439453374,0.00234921865226167
196,17,544,3,0.0632796136642195,0.0294559712542504,0.0215028109057856,0.00222506808286323
197,5,1186,3,0.0617568364286384,0.0320723074257673,0.0217972348879598,0.00262712844235951
198,3,822,1,0.0684362450570082,0.0368928897482873,0.0221966362810645,0.002893171386432
199,15,1220,1,0.0598877787049681,0.0283586268793935,0.0213822807684424,0.00221045839590146
200,14,1435,6,0.0626139477436586,0.0299808486790136,0.0217927607361534,0.00229606902007602
201,14,568,1,0.0607333239073994,0.0289272416507686,0.0216940915898712,0.00240384327481217
202,12,1484,4,0.0639223367783483,0.0316339842404926,0.0216800940057882,0.00228864922241464
203,14,795,5,0.0622965750248382,0.0290284392829626,0.0214786482379292,0.0022653953758857
204,7,1529,3,0.061449085124523,0.0322686434601822,0.0219385286892216,0.0025048288963111
205,5,2196,2,0.0594221316291524,0.0310675806043671,0.0217313292085571,0.00256757569697613
206,5,654,5,0.0604525778278008,0.0328007963731073,0.0222770165674575,0.00264483458378366
207,18,1912,5,0.0735974730486225,0.0345223324099345,0.0216104709266174,0.00221482421460588
208,19,2015,4,0.0727625922140163,0.0341564904170602,0.0215919598356077,0.0022106097013945
209,22,1216,4,0.0776007112106735,0.0348447283150588,0.0214709740940027,0.00216413826617109
210,22,1717,6,0.0764794986494721,0.0346017112884358,0.0213926542490573,0.00224486895454712
211,13,866,8,0.0635216390284981,0.0302651493383915,0.0220815836947388,0.00230105064462352
212,21,1598,7,0.0713529999380769,0.0323098251182511,0.0215639395185998,0.00218986721185645
213,17,2072,4,0.0682985422946759,0.0321132521216204,0.0215651543161044,0.00224552115601805
214,6,1232,3,0.0622060418160081,0.0306626183314809,0.0218268713750399,0.00255039717730954
215,11,810,3,0.0556107999174695,0.0284963513486241,0.0214996159076003,0.00238114654602912
216,10,1021,6,0.0645492296571518,0.0313551561058501,0.0219970010986726,0.00232124763082802
217,7,2056,3,0.0584392889460825,0.0307943251231115,0.021879405510738,0.00251841526675355
218,10,1043,2,0.0595105751487226,0.0317734032471005,0.0213744868664983,0.00231390479761939
219,4,831,5,0.0655859893410442,0.0340983792698573,0.0220945653966465,0.00265591130520429
220,11,2077,4,0.0591534292566932,0.0290307194110417,0.021734229323581,0.00232625442838087
221,21,501,6,0.0740618154967595,0.0330780096605613,0.0216495814630244,0.00221636968722311
222,4,1551,2,0.064435445439169,0.0323278941090134,0.0219106328698444,0.00268476630992587
223,16,1625,6,0.0680531877290879,0.0326949014642249,0.0218553176381169,0.00228936183064681
224,18,1742,2,0.0671736478618758,0.0318931748071807,0.0214753990501216,0.0021913442723148
225,11,732,4,0.0587597081066667,0.0293837806332208,0.0217058469328111,0.00232924347032588
226,17,1296,3,0.0665934983693653,0.0326387058934261,0.0215176871709123,0.00216456672948114
227,21,761,7,0.0762426294455913,0.0340386664075546,0.0214777469838475,0.00222670939981894
228,19,905,7,0.0734501910637207,0.0360186729002881,0.0217750112846856,0.00221279887901554
229,7,1371,8,0.0650574006544137,0.0332453869203313,0.0225557753935135,0.00254543089279224
230,13,2176,4,0.0628011876864916,0.0296654211776277,0.0217460007757447,0.00227665182072273
231,7,1402,5,0.0586104307258216,0.0308478147317893,0.0220940720808395,0.00252278675944503
232,21,865,7,0.0781181022929413,0.0360979845584775,0.0220052289618848,0.00227053918141281
233,21,2025,1,0.0732614289553735,0.0339147877160356,0.0215642050796676,0.0021597774248042
234,5,790,1,0.0565445304491762,0.0283691929149219,0.0218749134493671,0.00263684930041992
235,21,2184,4,0.0734419199577629,0.0347730726443393,0.0213358673558495,0.00216217949381643
236,11,639,5,0.0574559090100323,0.0285260920782669,0.0214468984604037,0.00226632624743172
237,5,2152,5,0.062527136511651,0.0319512127047547,0.022221559587626,0.00265063428026238
238,13,1935,4,0.0608272163753144,0.03054643778109,0.0218006741619561,0.00232263061330123
239,8,1920,2,0.0616368413887018,0.0328228347823415,0.021699775519307,0.00241944778121388
240,7,620,2,0.0629585251375156,0.0297541809516712,0.021954565281313,0.00252909036539184
241,8,1104,7,0.0590896756274875,0.0294402908342531,0.0223362316539398,0.00258730606102484
242,23,2235,6,0.0793688309750082,0.0358550950384589,0.0216216911872231,0.00220027838898463
243,20,547,8,0.0797425373452893,0.0366483535264455,0.0222817002433143,0.00229570469562395
244,22,935,7,0.075339947541666,0.0353179967098075,0.0217894599580856,0.00218934584764642
245,15,1655,6,0.0638415453455137,0.0305888188666704,0.0218477856710095,0.00225481201165959
246,19,834,7,0.0705034369541613,0.0340774180425875,0.0217114986443747,0.00219602551395382
247,12,1048,3,0.0623513492564518,0.0311788055895508,0.0214132967899546,0.00224319419112606
248,15,2118,3,0.061802055710723,0.0303694386430758,0.021472256010516,0.00221594717107567
249,9,1525,4,0.0604401013669919,0.02869400722046,0.0218838449188224,0.00241704889957464
250,10,1536,7,0.0637469490190609,0.0318572797904386,0.0223844785394292,0.00245475986157224
251,11,1758,7,0.0639657713013313,0.0311521569707059,0.0222328625744518,0.00238229255672526
252,22,555,7,0.079941204417247,0.0358662810818004,0.0217803706481677,0.00213538217903085
253,18,1763,4,0.0684929000124708,0.0331319978527836,0.0215194834758016,0.00216103621755062
254,13,2165,3,0.0642708447210067,0.0314962975076494,0.0213553195996918,0.00225109070909288
255,4,2023,1,0.0625291772009052,0.033903994758031,0.0218071270025942,0.00264627138997803
256,5,1436,2,0.0613543396086784,0.0311320889938329,0.0218163144062459,0.00258750380097886
257,20,1679,5,0.0776410042518095,0.0363006817628691,0.0216752807448822,0.00220377152381051
258,8,1270,4,0.0601779901445936,0.0312397846551318,0.0218223872158996,0.00242078596878012
259,19,887,3,0.0695282138361995,0.0314393872880636,0.0215307341315383,0.00222711070733221
260,5,1601,8,0.0684957570787558,0.0326437511279876,0.0228851385311904,0.00276241369344344
261,22,493,3,0.0744974700009175,0.0325463670330166,0.0211798875845165,0.0021788012270504
262,5,1126,8,0.0691379532207109,0.0356810239325155,0.022755441756692,0.00275425332924172
263,17,2151,7,0.0670140822797834,0.0308680120821969,0.0217442160726111,0.00223706946559699
264,11,1381,1,0.0560750478598511,0.0274202290089652,0.0213849219861623,0.00226041533009435
265,13,1424,8,0.0628599190846411,0.0301397385948131,0.0221296489184126,0.00239933378709977
266,9,668,7,0.0632672426820778,0.0323620350500174,0.0222299023731081,0.002480402914028
267,21,1237,6,0.0752237373306868,0.0361447560684314,0.0215653476470185,0.00218288369783786
268,14,2261,5,0.06460670970294,0.0319139256806691,0.021883902880878,0.00229024107174036
269,4,1727,2,0.0627177128663612,0.03198173476806,0.0218348223557542,0.00270926071345717
270,4,1764,3,0.063006970570275,0.0327824932295638,0.021765522353072,0.00266636417821327
271,4,804,2,0.0635469875974386,0.0336833303626048,0.0220037958676689,0.00266874652032337
272,22,768,2,0.0811760535671796,0.0385919986751919,0.021484152749888,0.00212956914943973
273,20,1796,5,0.0762706864982458,0.0354628060981245,0.0217319103557673,0.00218236172944448
274,16,1148,5,0.0673235210227843,0.0339717348181496,0.021703804445537,0.00226098153023143
275,18,600,6,0.0773749525009299,0.0357025945848191,0.0217867551855034,0.00219502275561536
276,17,835,7,0.0704595201514685,0.0328384777711104,0.021816742423382,0.0022148810816376
277,13,534,2,0.0641363125601922,0.0328522414200314,0.0215712831877633,0.00224026643458511
278,5,797,5,0.0665058854412298,0.0361497957150554,0.0222062900902473,0.00263287682403138
279,18,708,7,0.0757792222459339,0.0358404258167621,0.0218932971919125,0.00224895732154957
280,11,738,2,0.0547668925861829,0.0277537205399335,0.0216232647566798,0.00235955217506761
281,13,1194,5,0.0639974746926895,0.0292403628846353,0.0217808624095739,0.00229098192957382
282,5,1991,2,0.0611608683862559,0.0321905153926378,0.0216966311712271,0.00259830578148943
283,14,1599,3,0.0614438932217936,0.0302741533856542,0.0215015361045149,0.00224518078489174
284,4,1806,7,0.0708576608670761,0.0360314290669587,0.0228732349172633,0.00284447637789518
285,5,1177,5,0.0606723268531604,0.0294367898815564,0.0223004419577049,0.00273565210671415
286,22,1332,4,0.0766576766783819,0.0343336987260579,0.0214302856312366,0.00216269008872525
287,7,472,5,0.0575754345335233,0.0265863673235609,0.0221434060214457,0.00246705927330326
288,11,2109,4,0.0591289327589553,0.0288657683609453,0.0217513473679578,0.00230314549433519
289,21,1568,3,0.0733801134803636,0.0344728677005726,0.0214115335309293,0.00220361470491742
290,22,1638,3,0.0773553984986884,0.0364967773946003,0.0212888242064683,0.00223055487122578
291,18,2178,6,0.0703251544242664,0.0324792282265124,0.0216484880454103,0.00224247589034761
292,4,1495,4,0.0673667916673288,0.0354765189485863,0.022191797744415,0.00271709857724471
293,19,1820,7,0.0745046247462326,0.0345387602172549,0.0216124528386913,0.00216681701664814
294,8,616,5,0.0627181034720309,0.0334496416036634,0.0220532213229145,0.00253061942839033
295,3,1504,1,0.0712237800259661,0.0390602923082565,0.0220200529328249,0.00276377405720659
296,9,1473,5,0.0611931632945039,0.0296092993462319,0.0218603333171699,0.00237787334135878
297,5,855,3,0.0660501021919685,0.0323423732829437,0.0221051613532681,0.00263007981374593
298,7,518,5,0.0596851078814728,0.0326238855251829,0.0219512616185801,0.002515878680933
299,22,1643,6,0.0775099469362017,0.0349436762153611,0.0215659444990584,0.00215401805285815
300,17,1850,6,0.0707495693537432,0.0340753797562485,0.0217585052983213,0.00224155868866591
301,21,1860,1,0.0718661193219988,0.034405115371091,0.0212840728446316,0.00214260341024615
302,9,1491,6,0.0612720255371147,0.0320343956076067,0.0219174446118812,0.0024229332728979
303,22,1232,7,0.0805358445041115,0.0368630839782424,0.0218166708501831,0.00215421208251658
304,8,1459,1,0.0565181933209783,0.0294377786136179,0.0215085235523577,0.00238730924500309
305,6,1875,6,0.0630060748030822,0.0299573786091503,0.0222288142893401,0.00262441552520796
306,16,1385,2,0.0651909906381008,0.0328863711434861,0.0213256772891749,0.00220827713291448
307,17,1959,4,0.068208198648374,0.0308995468379536,0.021482440682776,0.00220680515869566
308,10,1051,5,0.0668645107369316,0.0343815055210199,0.022309336075309,0.00245062715162769
309,9,1188,5,0.0633344011857872,0.0324733423440959,0.0220500744966263,0.00242636513770635
310,23,1908,2,0.0772019202274624,0.0356052265820184,0.0210838906863162,0.00221360668055771
311,19,504,6,0.0678591520368149,0.0312364806472938,0.0216539975003875,0.00228026640592488
312,12,1552,2,0.0610354455738806,0.0321895806591089,0.0215087153067358,0.00228842036619267
313,11,1185,3,0.0596219251875885,0.0301852358883603,0.0218295696219561,0.00230272764640043
314,3,1930,2,0.0715563810669236,0.037604544213568,0.0220142642516517,0.00275761083636821
315,13,1507,2,0.0585107861385958,0.0276097074781854,0.0216741558041635,0.00232635312320298
316,13,1967,5,0.0608643703098614,0.0293923936668214,0.0215511584969178,0.0022691663648647
317,13,507,3,0.0610498472245789,0.0296490749699072,0.021735819570672,0.00231166570869789
318,18,1434,3,0.0691058786698378,0.0328640597722788,0.0214156797306756,0.00220358844113785
319,7,1777,5,0.0609711502850408,0.0300048918614138,0.0220171204388795,0.00249479651302644
320,11,1754,2,0.0587158140758759,0.0295902365053619,0.0214960490298955,0.00225089317763724
321,12,1251,6,0.0581368741051386,0.0285343348101685,0.0217486019802126,0.00231795255192367
322,14,1107,3,0.0663276427224049,0.0334741700938439,0.021226604123499,0.00226478997382306
323,8,1663,3,0.0556976338788095,0.0284425909947153,0.0218164276079637,0.00245237915887138
324,10,1705,7,0.0638029174648661,0.0310750660414784,0.0223122679906546,0.00242698628377824
325,22,2166,7,0.0754974182103498,0.0353722459440367,0.0215609193392974,0.00215160844614731
326,13,1278,4,0.0606429583923208,0.0309188405395734,0.0216887925274883,0.00230909315032998
327,9,2112,4,0.0593142591907283,0.0295408541009327,0.021734377990815,0.00242382836943659
328,19,478,7,0.0720254386674709,0.0353979656730742,0.0217775512669493,0.00218089118844262
329,5,1994,3,0.0588413955755642,0.031014386479716,0.0217931110646016,0.00260466630348472
330,8,1559,7,0.0642788673352156,0.0327550902266135,0.0220542356018648,0.00245975816590861
331,5,1234,2,0.0653899310996939,0.0348955512720357,0.0215653289239502,0.00250279208326968
332,3,1902,8,0.075768676403551,0.0397899922505164,0.0232046737330842,0.0029372201969504
333,21,1096,2,0.074666766849098,0.0354270140265931,0.0211756471198533,0.00218737854634769
334,10,2128,6,0.0607275736112968,0.0293067009901362,0.0219347402533157,0.0023661996719965
335,16,2142,7,0.067675971149826,0.0329081287048929,0.0218080177608231,0.00224963813772512
336,19,2243,1,0.069024275733831,0.0318046768216913,0.0212925614740647,0.00216556964738434
337,14,1338,6,0.0628250327752472,0.0296387067185307,0.0220229970529562,0.00233501555135421
338,13,2046,6,0.0616273289823085,0.0288555921273893,0.0218500430522589,0.0022812932348579
339,18,998,1,0.064495439559114,0.0322063929900987,0.0212700586771198,0.00221616130403508
340,6,2258,6,0.0637772757299382,0.0333169880923524,0.022319178494776,0.00263836763959291
341,17,1476,7,0.0691622436294621,0.0326040916152989,0.0219812366433956,0.00221977714476824
342,16,519,5,0.0634065408615308,0.0296282367630416,0.0216831285471735,0.00220448012005961
343,11,1591,6,0.0616105780842124,0.0291349968805343,0.0219997382586783,0.00237604931989808
344,14,1385,4,0.0624915411848919,0.0311783175844795,0.0214790846827992,0.00223499774604531
345,23,1394,2,0.0790382968593091,0.0368385696476101,0.0211326268797074,0.00216322635960906
346,6,1813,2,0.0625932791719455,0.0324097624864607,0.0216681742353397,0.00249455054968326
347,22,1379,5,0.0770268709678759,0.035572491165001,0.0214149504058316,0.00222347231165745
348,22,1464,4,0.0736673138845736,0.0334452911402679,0.021308638916349,0.00213862920422728
349,20,1223,2,0.069446920196604,0.0326261852048596,0.0212611129950683,0.0021136570083458
350,18,589,4,0.0721284879082947,0.0337931452589106,0.0216778806819689,0.00227719101034124
351,11,827,7,0.0621198420973358,0.0297711101084923,0.0222740741612393,0.00242613952376234
352,9,542,5,0.0616081156785848,0.0294000141066931,0.0218600997478595,0.00237598458362769
353,19,1109,4,0.0717332192896329,0.0329934325791954,0.0213465058996761,0.00214193616518619
354,6,1244,6,0.0647581851699109,0.0342104871586333,0.0223316092433577,0.00264119651226704
355,15,1518,5,0.0679715958998844,0.0319574980635153,0.0216667372243064,0.00225836241219149
356,22,2188,2,0.0764728770203696,0.0348753294558117,0.0213131340423078,0.00215594525320177
357,9,2126,5,0.0596674596068909,0.0292072975765047,0.0219099357569139,0.0023855602888037
358,16,1733,8,0.0671659460419163,0.031729001566169,0.0220203165818565,0.00225672668294256
359,4,553,5,0.0649214422612198,0.0303950748086131,0.0224598905451165,0.00274040649675599
360,17,2009,2,0.0681235694177988,0.0320427147104304,0.0214237529886017,0.00219206623740609
361,15,570,7,0.0703129680731037,0.035625786682764,0.0219157200749236,0.00230874582935314
362,16,869,2,0.0682309897671243,0.0338382780036497,0.0215676288325302,0.00224944179200831
363,21,1773,5,0.0701163891482196,0.0334079366149477,0.0215653813815301,0.0021953515752087
364,19,2147,3,0.0690740645088194,0.032565579781108,0.0213826100930256,0.00220571673920715
365,11,1582,2,0.0604153108699187,0.0302848706067615,0.0215046430203556,0.00232075090572985
366,13,1695,3,0.0642408035562267,0.0324377410087435,0.0215369918842948,0.00229613684997302
367,19,2138,2,0.0696956966524581,0.0329508395603835,0.0213816762806759,0.002176752474394
368,20,1141,4,0.0703936996323613,0.0341857406539207,0.0213955083589242,0.00215699007238163
369,13,546,1,0.060064869234356,0.0292352781512965,0.0212224882125687,0.00233651580661624
370,9,657,1,0.0550621223796502,0.0258815618855807,0.0213370958904109,0.00228807463391117
371,2,2040,1,0.0741079940619895,0.0412923674485434,0.0223799481539044,0.0029751216707958
372,7,1615,7,0.0665430703506389,0.0345731901753862,0.0223709119042095,0.00257996161978203
373,10,1911,7,0.0615967307161635,0.0298832917714502,0.0222726146832224,0.00247764114089576
374,13,638,2,0.0647601862130482,0.0328347856389165,0.0215051930382421,0.00227798850071077
375,12,1011,2,0.0637650387853881,0.0308964049232691,0.0217092365784958,0.00229632282561553
376,18,1144,2,0.0709042806577448,0.0348823910748838,0.0214404906405361,0.00216080648901776
377,15,724,1,0.0609577797676186,0.0297128351405983,0.0214411453340815,0.00222517439564313
378,22,1100,5,0.0858460175310168,0.0381503083769702,0.0216116425945667,0.00216606422570928
379,20,1996,4,0.0731225376875775,0.0338702156331572,0.0215456008934534,0.00219529427997599
380,10,1245,6,0.0605830676310625,0.028956238990767,0.0220911439064329,0.00238853632574231
381,15,764,5,0.0661825303024241,0.0294042608791772,0.0218375352042856,0.00223739616777626
382,6,1031,3,0.0566808389970396,0.0286277251553851,0.0218262383767907,0.00256231368232648
383,23,2065,6,0.0803295425031457,0.0374994777576866,0.0214937244636866,0.00221045339533711
384,3,2242,3,0.066668749956968,0.0368921410750599,0.021995024808972,0.00276780019440735
385,14,1128,7,0.0648399856719537,0.0328294945694392,0.0219128570768418,0.00234028299046642
386,17,1864,2,0.0670478076764528,0.0330381256655289,0.0214381610360989,0.00221780043410148
387,6,856,7,0.0642107594952202,0.0310215185277984,0.0225505816451526,0.00268407953040793
388,15,1170,1,0.065753586648515,0.0321971438262237,0.021812097305355,0.00225274761542399
389,15,1463,7,0.0651210145327309,0.0310828610597819,0.0220848227418199,0.00229107468480522
390,4,1419,4,0.0660204707118896,0.0344604352582678,0.022117180292056,0.00267509145894896
391,10,1538,7,0.0592829534708367,0.0290651517527212,0.0222514107951911,0.00241724765520156
392,19,692,7,0.0721979765333367,0.0330473713005558,0.0218596156615869,0.00225380959902234
393,10,483,7,0.0649559059100753,0.0329468116026067,0.0223859757272064,0.00240590202316182
394,4,777,6,0.0687393621634504,0.0359722541449512,0.022128809903044,0.00261748218551745
395,4,2228,2,0.059575695625148,0.0310910490196497,0.0217166960728702,0.00269852148042024
396,22,1350,3,0.0767289653902368,0.0348013758328758,0.0214624274759354,0.0021446029564626
397,2,788,6,0.0805915847267079,0.0482893339167882,0.0237719361020031,0.0031757709014494
398,2,767,7,0.0807147915818715,0.0421415583794881,0.0236591306680055,0.00305687518055391
399,13,996,2,0.061865458916552,0.0288288364787345,0.0215667453895659,0.00224824395624557
400,17,1449,3,0.0660289449718169,0.0309014163895791,0.0215133178022826,0.00220108764351741
401,8,1536,5,0.0609668828230409,0.0293046213536268,0.0220164444432108,0.0024781523519694
402,22,1945,4,0.0765601588910379,0.0359686980521022,0.0212753794774761,0.0020963886526742
403,5,891,3,0.059054293531538,0.0290318836555259,0.0215867117941568,0.00260116228878059
404,18,1778,6,0.0688604108663412,0.030932264984507,0.0217511767549087,0.0022316700676645
405,5,958,5,0.0582467570501767,0.0284171737190529,0.0221532964540598,0.00265121585696351
406,5,2236,7,0.0646562987589119,0.0320571904178173,0.0225636258840648,0.00272430098209899
407,7,636,2,0.0617821634132937,0.0337395362211984,0.0218595308910058,0.0025227888542512
408,12,1427,1,0.0603223140166853,0.0284631331330259,0.0213370969921597,0.00227226515544937
409,14,1622,6,0.0625280778285246,0.0299032734539924,0.0218312329551993,0.00230045107503091
410,18,789,3,0.0706669537250355,0.0348523804946588,0.0213568601077313,0.00214077442953814
411,12,619,8,0.0740386435802288,0.0348491473119016,0.0225192532416788,0.00237657505005417
412,21,1740,1,0.0726862164705932,0.032932400573631,0.0213430268146098,0.00214107260813557
413,6,670,5,0.0597054747482684,0.029059947691659,0.0220333479739195,0.00252595096392465
414,15,1939,6,0.0647137173969411,0.0300784322765491,0.021858717856629,0.00227340052448501
415,3,1069,3,0.0760012885897553,0.0403093034017106,0.022290126207993,0.00282286730145126
416,4,843,2,0.0695092257378053,0.0361136405191711,0.0222576402452492,0.00286567332870576
417,5,1001,3,0.0622777731066933,0.0321226697300082,0.0222087618815429,0.00264917193503216
418,13,2019,2,0.0621446698409988,0.0312388332695782,0.0214240529559028,0.0022658110555733
419,3,1566,6,0.0708487116511689,0.0378589821541282,0.0227150216751982,0.00294296014959869
420,20,1989,6,0.0735171341499807,0.033879852896369,0.0216009083663894,0.00216970104474669
421,3,1342,2,0.0639596917602308,0.0337308264901402,0.0219928226637658,0.00272802146092998
422,3,1377,2,0.0650316510065137,0.0342332321827267,0.0219390966527314,0.00279347467171521
423,22,2164,2,0.0732398839847035,0.0339336188926793,0.0212506734819053,0.00215229495338851
424,6,1374,8,0.0646599768098791,0.0325059700227959,0.0229258322437283,0.00272934154965182
425,2,599,3,0.074242355797614,0.0407754408388161,0.0224911738614884,0.00292714746892925
426,10,566,4,0.0593569262759452,0.0320823984886422,0.0215688080304724,0.00234351360767372
427,21,1591,4,0.0733706402136619,0.0362274104784478,0.0214669770488578,0.00218329562153918
428,11,2100,3,0.0605591275524472,0.029692697839076,0.021588850192119,0.00232791269890961
429,7,793,6,0.0660382304140267,0.0344737831390552,0.02235382403269,0.00258903966794829
430,19,642,6,0.0741456746440165,0.0346511930566112,0.021447045503746,0.00214870029516486
431,15,1701,5,0.0630942598320717,0.03007939353656,0.0216501760375712,0.00229734066080317
432,2,1979,3,0.0672603092241627,0.035135694876836,0.0226161408314518,0.00296311068675647
433,20,1486,2,0.0725623248007483,0.0349464987684662,0.0213601322641526,0.00218590426812819
434,7,1894,3,0.0609977799688096,0.0309343246470047,0.0219577158076969,0.00251487508775923
435,3,664,3,0.0662455930359269,0.0357318121815259,0.0222081035458651,0.00276825637173781
436,13,1450,5,0.0615838579482818,0.0302390639796287,0.021657779904647,0.00227600356806804
437,2,1478,2,0.0713542156024738,0.0411203847028293,0.0223172556079995,0.00299235267058403
438,12,504,2,0.0603162092561994,0.0279095154123991,0.0216386970854259,0.00230955549997208
439,12,1850,8,0.0635768515978288,0.0300539884596962,0.0221969868621269,0.00231654336048175
440,19,1045,2,0.0690989171171453,0.0322264991380603,0.0214073900231758,0.0021326392634195
441,20,1299,2,0.0742573978140111,0.0350235254159951,0.0214262464872315,0.0022074469991535
442,9,1548,2,0.0582615465402247,0.0303869426317667,0.0216076964718836,0.00238840385500675
443,20,1209,5,0.075103233656956,0.0353972531063441,0.0215368922998518,0.00215398028752854
444,13,2172,3,0.0617587899565567,0.0295030316307583,0.0215884343882783,0.00224558942443593
445,14,1454,6,0.063482417273282,0.0307805855426864,0.0218407314594482,0.00231672314541203
446,19,588,6,0.0751687417470666,0.0373262743059865,0.0218368815230278,0.00220922078930885
447,20,804,2,0.0700127689482233,0.0349389630203691,0.0211828715047808,0.00217742733415894
448,22,1342,4,0.07544710620382,0.0337668910143002,0.0213366190744292,0.00217881165476024
449,5,1417,6,0.064115789055196,0.0324335324230896,0.0222790498012762,0.00262672979989518
450,22,1266,7,0.0751011902145311,0.0339202426819104,0.0216655532437663,0.00219278752566024
451,23,1014,7,0.0803467885181222,0.0364906975033103,0.0216686037600059,0.00221715989106165
452,16,499,6,0.0684449335398649,0.0338872523593681,0.0215856172460415,0.00215264166265083
453,17,1224,4,0.0678219337068067,0.032845531486383,0.0218030447588219,0.00220095380820339
454,5,1176,4,0.0586786572740174,0.0312833452670426,0.0220009875528897,0.00266343640738961
455,12,916,2,0.0607947253623635,0.0314915063285955,0.0217304763328585,0.0023042009478368
456,20,775,5,0.0707309047780358,0.0327993207139013,0.0215052001263189,0.00224493499919311
457,15,1570,2,0.0594890712914461,0.0288431319134614,0.0214314362421623,0.00224769441701187
458,21,1225,2,0.0739054642719765,0.0347764798230599,0.0214878186804845,0.00215680172117904
459,23,2002,6,0.0792870284624028,0.0360780796948074,0.0215750874483328,0.00219916199346059
460,13,2253,6,0.0642283855381767,0.0310951463837284,0.0217579083918548,0.00229125196154424
461,19,1916,6,0.0738977213951511,0.0337388535547664,0.0218910028560409,0.00226197587946783
462,20,1021,6,0.0721543245879103,0.0325314132439977,0.0216516493579492,0.00219222235298059
463,17,1532,5,0.0669974480298418,0.0327796443911501,0.021637095551524,0.00222034603234161
464,13,1640,7,0.0623697247047967,0.0309183726889403,0.0218598992572822,0.00230864001922364
465,12,2123,5,0.0636161454743179,0.031104927729166,0.0217935920494931,0.00233691611623057
466,3,1384,3,0.0649655246445579,0.0335773993253846,0.0220243368508652,0.00285439169704426
467,15,1682,7,0.0610762052698056,0.0312223797685522,0.0216264453465212,0.00221599366704763
468,15,2162,8,0.0624609438922066,0.0303579230423786,0.0218991670098091,0.00223985533236016
469,18,1067,2,0.0707266838011867,0.0341178479717576,0.0213174707170366,0.00220043478410431
470,5,730,2,0.057408361201107,0.0286539604028989,0.0220230271368494,0.00269592808551959
471,19,1026,3,0.0713207426381651,0.0329839368071666,0.0212943254906925,0.0021421618332529
472,8,2092,1,0.056588814175466,0.0278047515800884,0.0216319739780631,0.00239397325447198
473,16,823,4,0.0649687082420034,0.0308359137401015,0.0215769334314247,0.00220943268668267
474,19,715,5,0.0724996863243195,0.0344007989199786,0.0218860775254316,0.00226981672150821
475,3,501,8,0.0637626994395592,0.0318710985292579,0.0232022107335147,0.00291726345574216
476,14,2220,5,0.0631592878200166,0.0300604173167442,0.021703333899719,0.00226738711593819
477,14,944,3,0.0637948602395984,0.0319241381529224,0.0216124682378564,0.00228888856663141
478,13,1535,2,0.0659849152511529,0.032946083615266,0.0215703986504984,0.00224429283722486
479,14,1728,5,0.0655999979453493,0.0315578285730759,0.0216797754081705,0.00225498372200394
480,13,1322,5,0.069137089516675,0.0325957574694379,0.0219974562371121,0.00234156406149973
481,20,1696,7,0.0723975830462371,0.0340357491829079,0.0216275524305395,0.0022025972812157
482,7,1183,6,0.0614943885244951,0.0307971875132563,0.0221949988060237,0.00254740833196014
483,12,478,7,0.0629523856330131,0.0337276591566846,0.0219395194551699,0.0023215036769575
484,17,773,6,0.0714327780740475,0.0317006678498335,0.0220604260532137,0.00229098595702655
485,10,1319,6,0.0629947081898364,0.0322479502706693,0.0220531893803899,0.00236130932985112
486,9,1824,7,0.0610794055698886,0.030379186588576,0.0221288838882561,0.0024443872616788
487,16,1123,3,0.0620700732739707,0.0301665553400491,0.0215118368202034,0.0021845014066661
488,21,1389,2,0.0729646672812872,0.0344220560666433,0.0212777958469725,0.0021660799753638
489,21,1502,5,0.0766941625919722,0.0360287060823261,0.0215530304558851,0.00221362381131397
490,9,1625,2,0.0586263463258018,0.0310481630082126,0.0219081980259611,0.00241110090975728
491,8,2028,5,0.061743698230959,0.030855958628799,0.0219395616852346,0.00243986099660972
492,10,782,3,0.0584839501644086,0.0292684958304899,0.0215045118095795,0.0023566076689185
493,5,1255,6,0.0634766979098916,0.0328706541856494,0.0222526717589174,0.002661288578745
494,12,961,6,0.0592762529164791,0.0276877277240504,0.0217862717325093,0.00232213468225764
495,23,1337,4,0.078331872922683,0.0369977527789648,0.0215550274950184,0.00217776155165805
496,6,812,3,0.0679747781240926,0.0363254124355671,0.0218230526969321,0.00250017281413474
497,20,2217,2,0.0709394168285367,0.0333485067350608,0.0211825833626694,0.00217891473115672
498,20,662,2,0.0696886008762596,0.0312952167609498,0.0210642987894755,0.00224509607591592
499,15,1182,2,0.0632070114736602,0.0305629474806154,0.0214500549812947,0.0021745427814171
